Workbook

Sheet LISTA 268
A1: RALUX SAIC
A2: LISTA DE PRECIOS Nº 268
J3: 46220
A4: ART | B4: PRECIO | C4: ART | D4: PRECIO | E4: ART | F4: PRECIO | G4: ART | H4: PRECIO | I4: ART | J4: PRECIO
A5: 103 | B5: 21958 | C5: 244M | D5: 5957 | E5: 828 | F5: 28779 | G5: B-8408 | H5: 32919 | I5: D-8558 | J5: 17515
A6: 104 | B6: 20704 | C6: 253 | D6: 16970 | E6: 831 | F6: 61655 | G6: B-8409 | H6: 28736 | I6: D-8559 | J6: 18679
A7: 106 | B7: 21634 | C7: 256 | D7: 17221 | E7: 832 | F7: 40202 | G7: B-8412 | H7: 32521 | I7: R-8560 | J7: 14647
A8: 107 | B8: 22764 | C8: 257 | D8: 17221 | E8: 901 | F8: 2393 | G8: D-8418 | H8: 16977 | I8: R-8561 | J8: 15296
A9: 109 | B9: 24298 | C9: 266E | D9: 18411 | E9: 902 | F9: 1634 | G9: R-8421 | H9: 10953 | I9: R-8563 | J9: 12715
A10: 110 | B10: 23693 | C10: 270 | D10: 16985 | E10: 903 | F10: 1222 | G10: R-8422 | H10: 9828 | I10: R-8564 | J10: 11092
A11: 111 | B11: 23737 | C11: 271 | D11: 16555 | E11: 1006605 | F11: 163282 | G11: T-8426 | H11: 31015 | I11: R-8565 | J11: 10206
A12: 112 | B12: 24462 | C12: 272 | D12: 16645 | E12: 1111 | F12: 35797 | G12: R-8427 | H12: 35728 | I12: R-8568 | J12: 10400
A13: 113 | B13: 26261 | C13: 273 | D13: 16147 | E13: 1121 | F13: 37463 | G13: T-8428 | H13: 29977 | I13: T-8569 | J13: 85267
A14: 128 | B14: 11191 | C14: 274 | D14: 16193 | E14: 1140 | F14: 32023 | G14: B-8437 | H14: 45812 | I14: R-8570 | J14: 10654
A15: 129 | B15: 11525 | C15: 275 | D15: 16364 | E15: 1150 | F15: 34032 | G15: R-8440 | H15: 9055 | I15: R-8571 | J15: 9828
A16: 130 | B16: 11136 | C16: 276 | D16: 16284 | E16: 1150A | F16: 37463 | G16: D-8444 | H16: 16517 | I16: R-8572 | J16: 14226
A17: 132 | B17: 8893 | C17: 277 | D17: 16853 | E17: 1150E | F17: 35797 | G17: T-8445-R | H17: 64751 | I17: T-8573 | J17: 14583
A18: 133 | B18: 9484 | C18: 278 | D18: 17362 | E18: 1303 | F18: 12710 | G18: T-8452 | H18: 45070 | I18: D-8574 | J18: 18937
A19: 134 | B19: 10042 | C19: 279 | D19: 19631 | E19: 1305 | F19: 12820 | G19: R-8454 | H19: 10905 | I19: R-8575 | J19: 9455
A20: 135 | B20: 9716 | C20: 280 | D20: 17776 | E20: 1308 | F20: 10046 | G20: R-8455 | H20: 9232 | I20: T-8576 | J20: 51273
A21: 136 | B21: 11006 | C21: 281 | D21: 17055 | E21: 1309 | F21: 11774 | G21: R-8456 | H21: 8238 | I21: R-8578 | J21: 8466
A22: 137 | B22: 11498 | C22: 282 | D22: 19053 | E22: 5001R | F22: 50529 | G22: R-8457 | H22: 8681 | I22: R-8579 | J22: 9830
A23: 138 | B23: 9086 | C23: 283 | D23: 16441 | E23: 5002 | F23: 52527 | G23: R-8458 | H23: 9365 | I23: R-8581 | J23: 18406
A24: 139 | B24: 10051 | C24: 284 | D24: 19129 | E24: 5003R | F24: 49939 | G24: R-8459 | H24: 9529 | I24: T-8582 | J24: 46967
A25: 140 | B25: 10479 | C25: 285 | D25: 18434 | E25: 5004 | F25: 52527 | G25: R-8460 | H25: 11686 | I25: T-8589 | J25: 56180
A26: 141 | B26: 10272 | C26: 286 | D26: 17516 | E26: 5005 | F26: 52527 | G26: R-8461 | H26: 11686 | I26: R-8590 | J26: 9793
A27: 142 | B27: 10198 | C27: 287 | D27: 17070 | E27: 5006 | F27: 51430 | G27: R-8462 | H27: 11463 | I27: R-8596 | J27: 14249
A28: 143 | B28: 10064 | C28: 288 | D28: 16894 | E28: 5007R | F28: 51802 | G28: R-8463 | H28: 12192 | I28: R-8599 | J28: 10297
A29: 144 | B29: 10302 | C29: 289 | D29: 17362 | E29: 5008 | F29: 53651 | G29: R-8464 | H29: 8791 | I29: R-8653 | J29: 15879
A30: 149R | B30: 5444 | C30: 291 | D30: 18321 | E30: 5009 | F30: 53652 | G30: R-8465 | H30: 10177 | I30: R-8654 | J30: 10167
A31: 152 | B31: 10427 | C31: 292 | D31: 21520 | E31: 5010 | F31: 59201 | G31: R-8467 | H31: 4231 | I31: T-8656 | J31: 31855
A32: 153 | B32: 10198 | C32: 293 | D32: 23663 | E32: 5011 | F32: 55503 | G32: R-8468 | H32: 9593 | I32: T-8658 | J32: 53474
A33: 156 | B33: 8374 | C33: 294 | D33: 21877 | E33: T-5800 | F33: 21382 | G33: R-8477 | H33: 9909 | I33: R-8659 | J33: 12009
A34: 157PLUS | B34: 5236 | C34: 295 | D34: 16760 | E34: T-8095 | F34: 23370 | G34: R-8481 | H34: 12652 | I34: T-8660 | J34: 39293
A35: 158 | B35: 6484 | C35: 296 | D35: 29236 | E35: R-8130 | F35: 9502 | G35: R-8484 | H35: 14808 | I35: R-8661 | J35: 11015
A36: 160/60 | B36: 7131 | C36: 297 | D36: 17281 | E36: R-8131 | F36: 9523 | G36: R-8485 | H36: 17995 | I36: D-8662 | J36: 17170
A37: 161 | B37: 9886 | C37: 298 | D37: 17273 | E37: R-8133 | F37: 10584 | G37: R-8486 | H37: 17437 | I37: T-8664 | J37: 23342
A38: 162 | B38: 10108 | C38: 299 | D38: 17348 | E38: R-8135 | F38: 10980 | G38: T-8487 | H38: 61049 | I38: R-8665 | J38: 9454
A39: 163 | B39: 10571 | C39: 407 | D39: 22421 | E39: D-8175 | F39: 19759 | G39: D-8489 | H39: 16092 | I39: R-8666 | J39: 9731
A40: 164 | B40: 9595 | C40: 408 | D40: 25878 | E40: D-8176 | F40: 22012 | G40: B-8500 | H40: 26670 | I40: T-8667 | J40: 42420
A41: 165 | B41: 8303 | C41: 410 | D41: 20413 | E41: D-8177 | F41: 18623 | G41: B-8501 | H41: 27248 | I41: K-8668 | J41: 13159
A42: 166 | B42: 10419 | C42: 447 | D42: 11713 | E42: D-8179 | F42: 20488 | G42: T-8503 | H42: 44006 | I42: T-8669 | J42: 41689
A43: 168R | B43: 7069 | C43: 450 | D43: 13162 | E43: B-8180 | F43: 27901 | G43: T-8510 | H43: 34026 | I43: R-8670 | J43: 10749
A44: 170R | B44: 7734 | C44: 477 | D44: 11377 | E44: B-8181 | F44: 18096 | G44: B-8511 | H44: 51254 | I44: T-8672 | J44: 86298
A45: 173 | B45: 6513 | C45: 482 | D45: 13176 | E45: B-8182 | F45: 25701 | G45: B-8512 | H45: 26656 | I45: R-8673 | J45: 12985
A46: 174 | B46: 9486 | C46: 507 | D46: 30904 | E46: B-8183 | F46: 17056 | G46: T-8522-R | H46: 61051 | I46: R-8674 | J46: 23790
A47: 177 | B47: 9503 | C47: 513 | D47: 30619 | E47: B-8190 | F47: 32448 | G47: T-8523 | H47: 155391 | I47: V-8688 | J47: 1727
A48: 178 | B48: 10468 | C48: 517 | D48: 27995 | E48: B-8191 | F48: 27597 | G48: T-8524 | H48: 51804 | I48: V-8689 | J48: 3158
A49: 184 | B49: 12587 | C49: 529 | D49: 36765 | E49: D-8233 | F49: 18005 | G49: R-8525 | H49: 10366 | I49: R-8690 | J49: 6491
A50: 185 | B50: 8933 | C50: 535 | D50: 31772 | E50: D-8234 | F50: 20708 | G50: R-8526 | H50: 33135 | I50: B-8735 | J50: 26978
A51: 186 | B51: 10400 | C51: 805 | D51: 26320 | E51: D-8235 | F51: 16100 | G51: R-8528 | H51: 9896 | I51: T-8736 | J51: 51802
A52: 188 | B52: 9828 | C52: 806 | D52: 23036 | E52: D-8236 | F52: 14727 | G52: R-8529 | H52: 9496 | I52: R-8737 | J52: 9378
A53: 189 | B53: 10418 | C53: 810 | D53: 52543 | E53: D-8237 | F53: 16202 | G53: R-8530 | H53: 9565 | I53: R-8738 | J53: 7540
A54: 196 | B54: 9691 | C54: 812 | D54: 44643 | E54: D-8242 | F54: 20059 | G54: T-8545 | H54: 51802 | I54: R-8740 | J54: 12642
A55: 197 | B55: 9829 | C55: 814 | D55: 44248 | E55: C-8382 | F55: 26473 | G55: R-8549 | H55: 9830 | I55: R-8750 | J55: 10937
A56: 199 | B56: 11021 | C56: 816 | D56: 24451 | E56: B-8402 | F56: 18444 | G56: R-8550 | H56: 9478 | I56: R-8751 | J56: 10167
A57: 211E | B57: 17928 | C57: 818 | D57: 30224 | E57: B-8403 | F57: 45397 | G57: R-8551 | H57: 9830 | I57: R-8752 | J57: 8442
A58: 222E | B58: 17220 | C58: 821 | D58: 24454 | E58: B-8404 | F58: 49478 | G58: R-8552 | H58: 9830 | I58: R-8753 | J58: 10982
A59: 222M | B59: 5848 | C59: 824 | D59: 23802 | E59: B-8405 | F59: 42945 | G59: D-8555 | H59: 16977 | I59: R-8754 | J59: 11952
A60: 224E | B60: 18450 | C60: 825 | D60: 29900 | E60: B-8406 | F60: 44344 | G60: D-8556 | H60: 18271 | I60: R-8755 | J60: 15929
A61: 244E | B61: 17552 | C61: 826 | D61: 17097 | E61: B-8407 | F61: 32521 | G61: D-8557 | H61: 18208 | I61: R-8756 | J61: 9083
A62: Estos precios no incluyen IVA
I64: Hoja 1/4
A68: LISTA DE PRECIOS Nº 268
A71: ART | B71: PRECIO | C71: ART | D71: PRECIO | E71: ART | F71: PRECIO | G71: ART | H71: PRECIO | I71: ART | J71: PRECIO
A72: M-8759 | B72: 59562 | C72: R-8860 | D72: 9456 | E72: R-9035 | F72: 9994 | G72: T-9117 | H72: 25369 | I72: B-9189 | J72: 39900
A73: M-8760 | B73: 54136 | C73: R-8861 | D73: 9529 | E73: R-9036 | F73: 10230 | G73: T-9118 | H73: 27303 | I73: B-9190 | J73: 30722
A74: M-8761 | B74: 40541 | C74: R-8862 | D74: 8787 | E74: R-9037 | F74: 9830 | G74: T-9119 | H74: 32470 | I74: B-9191 | J74: 37497
A75: M-8762 | B75: 54750 | C75: R-8864 | D75: 8180 | E75: R-9038 | F75: 10177 | G75: T-9120 | H75: 29926 | I75: B-9192 | J75: 30646
A76: M-8763 | B76: 61368 | C76: T-8865-R | D76: 62902 | E76: R-9039 | F76: 9573 | G76: T-9121 | H76: 28120 | I76: B-9193 | J76: 30136
A77: M-8764 | B77: 59562 | C77: T-8866-R | D77: 62902 | E77: R-9040 | F77: 8812 | G77: T-9122 | H77: 29406 | I77: B-9194 | J77: 52835
A78: M-8766 | B78: 75806 | C78: T-8867 | D78: 61050 | E78: R-9041 | F78: 9184 | G78: D-9123 | H78: 17221 | I78: B-9195 | J78: 21057
A79: M-8767 | B79: 68586 | C79: D-8910 | D79: 28879 | E79: R-9042 | F79: 9841 | G79: D-9124 | H79: 16171 | I79: B-9196 | J79: 37171
A80: M-8768 | B80: 38738 | C80: M-8912 | D80: 56846 | E80: D-9047 | F80: 10748 | G80: D-9125 | H80: 15779 | I80: B-9197 | J80: 58240
A81: M-8770 | B81: 53877 | C81: M-8913 | D81: 80607 | E81: D-9047R | F81: 11850 | G81: D-9126 | H81: 17621 | I81: B-9198 | J81: 59265
A82: M-8771 | B82: 63323 | C82: M-8914 | D82: 73280 | E82: D-9048 | F82: 12825 | G82: D-9127 | H82: 17699 | I82: B-9199 | J82: 56775
A83: M-8774 | B83: 39095 | C83: M-8915 | D83: 77924 | E83: T-9050 | F83: 88251 | G83: D-9128 | H83: 17621 | I83: T-9200 | J83: 71189
... A127: R-8859 | B127: 9841 | C127: R-9034 | D127: 9417 | E127: T-9116 | F127: 26765 | G127: B-9185 | H127: 57053 | I127: T-10065 | J127: 19860
I128: Hoja: 2/4
A129: Estos precios no incluyen IVA
A134: LISTA DE PRECIOS Nº 268
A137: ART | B137: PRECIO | C137: ART | D137: PRECIO | E137: ART | F137: PRECIO | G137: ART | H137: PRECIO | I137: ART | J137: PRECIO
A138: R-10066 | B138: 13348 | C138: G-91423 | D138: 111544 | E138: G-91843 | F138: 168940 | G138: G-91903 | H138: 66276 | I138: FB402 | J138: 19853
A139: R-10067 | B139: 9373 | C139: G-91424 | D139: 39214 | E139: G-91844 | F139: 62632 | G139: G-91905 | H139: 62521 | I139: FB457001 | J139: 26351
A140: R-10068 | B140: 13155 | C140: G-91425 | D140: 54621 | E140: G-91845 | F140: 55230 | G140: G-91906 | H140: 62632 | I140: FD009701 | J140: 21658
A141: R-10069 | B141: 9810 | C141: G-91426 | D141: 58680 | E141: G-91846 | F141: 63860 | G141: G-91907 | H141: 73788 | I141: FD116380 | J141: 14447
A142: R-10070 | B142: 17909 | C142: G-91427 | D142: 36638 | E142: G-91847 | F142: 57722 | G142: G-91908 | H142: 83790 | I142: FD116388 | J142: 12886
A143: R-10071 | B143: 22457 | C143: G-91428 | D143: 61359 | E143: G-91848 | F143: 39852 | G143: G-91909 | H143: 51552 | I143: FD116432 | J143: 30323
A144: R-10072 | B144: 17810 | C144: G-91429 | D144: 40429 | E144: G-91849 | F144: 66946 | G144: G-91910 | H144: 46892 | I144: FD148399 | J144: 54147
A145: D-10073 | B145: 17005 | C145: G-91431 | D145: 40540 | E145: G-91850 | F145: 61908 | G145: G-91911 | H145: 55230 | I145: FD276010 | J145: 19405
A146: D-10074 | B146: 17307 | C146: G-91432 | D146: 50574 | E146: G-91851 | F146: 73833 | G146: G-91912 | H146: 57753 | I146: FD472557 | J146: 15156
A147: D-10080 | B147: 16204 | C147: G-91433 | D147: 44240 | E147: G-91852 | F147: 37535 | G147: G-91913 | H147: 87828 | I147: FD648534 | J147: 14295
A148: D-10083 | B148: 16202 | C148: G-91434 | D148: 44184 | E148: G-91853 | F148: 44295 | G148: G-91914 | H148: 70798 | I148: FD690012 | J148: 24638
A149: D-10084 | B149: 16218 | C149: G-91435 | D149: 37075 | E149: G-91854 | F149: 72341 | G149: G-91915 | H149: 43318 | I149: FFE43F02 | J149: 23468
A150: G-90021 | B150: 35723 | E150: G-91855 | F150: 57753 | G150: G-91916 | H150: 57722 | I150: FFE9DF01 | J150: 21210
A151: G-90022 | B151: 36640 | C151: G-91437 | D151: 56263 | E151: G-91856 | F151: 57722 | G151: Reguladores de Voltaje | I151: FFE9DF04 | J151: 22142
A152: G-90025 | B152: 40502 | C152: G-91438 | D152: 63300 | E152: G-91857 | F152: 153099 | I152: FFF5RZ06 | J152: 33841
A153: G-90026 | B153: 42132 | C153: G-91439 | D153: 105479 | E153: G-91858 | F153: 151595 | G153: F018 | H153: 19174 | I153: FFF6DY03 | J153: 32780
A154: G-90091 | B154: 40540 | C154: G-91440 | D154: 56232 | E154: G-91859 | F154: 38120 | G154: F1248 | H154: 19853 | I154: FFGR815 | J154: 32145
A155: G-90162 | B155: 40503 | C155: G-91441 | D155: 112569 | E155: G-91860 | F155: 50541 | G155: F1400 | H155: 23606 | I155: FH003319 | J155: 42328
...

Sheet BO
A1: RALUX SAIC
A2: LISTA DE PRECIOS Nº 268
J3: 46220
A4: ART | B4: PRECIO | C4: ART | D4: PRECIO | E4: ART | F4: PRECIO | G4: ART | H4: PRECIO | I4: ART | J4: PRECIO
A5: 103 | B5: =+VLOOKUP(A5,COLUMNA!$B$5:$C$1691,2,0) -> 21958 | C5: 244M | D5: =+VLOOKUP(C5,COLUMNA!$B$5:$C$1691,2,0) -> 5957 | E5: 828 | F5: 28779 | G5: B-8408 | H5: =+VLOOKUP(G5,COLUMNA!$B$5:$C$1691,2,0) -> 32919 | I5: D-8558 | J5: =+VLOOKUP(I5,COLUMNA!$B$5:$C$1691,2,0) -> 17515
A6: 104 | B6: =+VLOOKUP(A6,COLUMNA!$B$5:$C$1691,2,0) -> 20704 | C6: 253 | D6: =+VLOOKUP(C6,COLUMNA!$B$5:$C$1691,2,0) -> 16970 | E6: 831 | F6: 61655 | G6: B-8409 | H6: =+VLOOKUP(G6,COLUMNA!$B$5:$C$1691,2,0) -> 28736 | I6: D-8559 | J6: =+VLOOKUP(I6,COLUMNA!$B$5:$C$1691,2,0) -> 18679
A7: 106 | B7: =+VLOOKUP(A7,COLUMNA!$B$5:$C$1691,2,0) -> 21634 | C7: 256 | D7: =+VLOOKUP(C7,COLUMNA!$B$5:$C$1691,2,0) -> 17221 | E7: 832 | F7: 40202 | G7: B-8412 | H7: =+VLOOKUP(G7,COLUMNA!$B$5:$C$1691,2,0) -> 32521 | I7: R-8560 | J7: =+VLOOKUP(I7,COLUMNA!$B$5:$C$1691,2,0) -> 14647
A8: 107 | B8: =+VLOOKUP(A8,COLUMNA!$B$5:$C$1691,2,0) -> 22764 | C8: 257 | D8: =+VLOOKUP(C8,COLUMNA!$B$5:$C$1691,2,0) -> 17221 | E8: 901 | F8: =+VLOOKUP(E8,COLUMNA!$B$5:$C$1691,2,0) -> 2393 | G8: D-8418 | H8: =+VLOOKUP(G8,COLUMNA!$B$5:$C$1691,2,0) -> 16977 | I8: R-8561 | J8: =+VLOOKUP(I8,COLUMNA!$B$5:$C$1691,2,0) -> 15296
A9: 109 | B9: =+VLOOKUP(A9,COLUMNA!$B$5:$C$1691,2,0) -> 24298 | C9: 266E | D9: =+VLOOKUP(C9,COLUMNA!$B$5:$C$1691,2,0) -> 18411 | E9: 902 | F9: =+VLOOKUP(E9,COLUMNA!$B$5:$C$1691,2,0) -> 1634 | G9: R-8421 | H9: =+VLOOKUP(G9,COLUMNA!$B$5:$C$1691,2,0) -> 10953 | I9: R-8563 | J9: =+VLOOKUP(I9,COLUMNA!$B$5:$C$1691,2,0) -> 12715
A10: 110 | B10: =+VLOOKUP(A10,COLUMNA!$B$5:$C$1691,2,0) -> 23693 | C10: 270 | D10: =+VLOOKUP(C10,COLUMNA!$B$5:$C$1691,2,0) -> 16985 | E10: 903 | F10: =+VLOOKUP(E10,COLUMNA!$B$5:$C$1691,2,0) -> 1222 | G10: R-8422 | H10: =+VLOOKUP(G10,COLUMNA!$B$5:$C$1691,2,0) -> 9828 | I10: R-8564 | J10: =+VLOOKUP(I10,COLUMNA!$B$5:$C$1691,2,0) -> 11092
A11: 111 | B11: =+VLOOKUP(A11,COLUMNA!$B$5:$C$1691,2,0) -> 23737 | C11: 271 | D11: =+VLOOKUP(C11,COLUMNA!$B$5:$C$1691,2,0) -> 16555 | E11: 1006605 | F11: =+VLOOKUP(E11,COLUMNA!$B$5:$C$1691,2,0) -> 163282 | G11: T-8426 | H11: =+VLOOKUP(G11,COLUMNA!$B$5:$C$1691,2,0) -> 31015 | I11: R-8565 | J11: =+VLOOKUP(I11,COLUMNA!$B$5:$C$1691,2,0) -> 10206
A12: 112 | B12: =+VLOOKUP(A12,COLUMNA!$B$5:$C$1691,2,0) -> 24462 | C12: 272 | D12: =+VLOOKUP(C12,COLUMNA!$B$5:$C$1691,2,0) -> 16645 | E12: 1111 | F12: =+VLOOKUP(E12,COLUMNA!$B$5:$C$1691,2,0) -> 35797 | G12: R-8427 | H12: =+VLOOKUP(G12,COLUMNA!$B$5:$C$1691,2,0) -> 35728 | I12: R-8568 | J12: =+VLOOKUP(I12,COLUMNA!$B$5:$C$1691,2,0) -> 10400
A13: 113 | B13: =+VLOOKUP(A13,COLUMNA!$B$5:$C$1691,2,0) -> 26261 | C13: 273 | D13: =+VLOOKUP(C13,COLUMNA!$B$5:$C$1691,2,0) -> 16147 | E13: 1121 | F13: =+VLOOKUP(E13,COLUMNA!$B$5:$C$1691,2,0) -> 37463 | G13: T-8428 | H13: =+VLOOKUP(G13,COLUMNA!$B$5:$C$1691,2,0) -> 29977 | I13: T-8569 | J13: =+VLOOKUP(I13,COLUMNA!$B$5:$C$1691,2,0) -> 85267
A14: 128 | B14: 11191 | C14: 274 | D14: =+VLOOKUP(C14,COLUMNA!$B$5:$C$1691,2,0) -> 16193 | E14: 1140 | F14: =+VLOOKUP(E14,COLUMNA!$B$5:$C$1691,2,0) -> 32023 | G14: B-8437 | H14: =+VLOOKUP(G14,COLUMNA!$B$5:$C$1691,2,0) -> 45812 | I14: R-8570 | J14: =+VLOOKUP(I14,COLUMNA!$B$5:$C$1691,2,0) -> 10654
A15: 129 | B15: 11525 | C15: 275 | D15: =+VLOOKUP(C15,COLUMNA!$B$5:$C$1691,2,0) -> 16364 | E15: 1150 | F15: =+VLOOKUP(E15,COLUMNA!$B$5:$C$1691,2,0) -> 34032 | G15: R-8440 | H15: =+VLOOKUP(G15,COLUMNA!$B$5:$C$1691,2,0) -> 9055 | I15: R-8571 | J15: =+VLOOKUP(I15,COLUMNA!$B$5:$C$1691,2,0) -> 9828
A16: 130 | B16: =+VLOOKUP(A16,COLUMNA!$B$5:$C$1691,2,0) -> 11136 | C16: 276 | D16: =+VLOOKUP(C16,COLUMNA!$B$5:$C$1691,2,0) -> 16284 | E16: 1150A | F16: =+VLOOKUP(E16,COLUMNA!$B$5:$C$1691,2,0) -> 37463 | G16: D-8444 | H16: =+VLOOKUP(G16,COLUMNA!$B$5:$C$1691,2,0) -> 16517 | I16: R-8572 | J16: =+VLOOKUP(I16,COLUMNA!$B$5:$C$1691,2,0) -> 14226
A17: 132 | B17: =+VLOOKUP(A17,COLUMNA!$B$5:$C$1691,2,0) -> 8893 | C17: 277 | D17: =+VLOOKUP(C17,COLUMNA!$B$5:$C$1691,2,0) -> 16853 | E17: 1150E | F17: =+VLOOKUP(E17,COLUMNA!$B$5:$C$1691,2,0) -> 35797 | G17: T-8445-R | H17: =+VLOOKUP(G17,COLUMNA!$B$5:$C$1691,2,0) -> 64751 | I17: T-8573 | J17: =+VLOOKUP(I17,COLUMNA!$B$5:$C$1691,2,0) -> 14583
A18: 133 | B18: =+VLOOKUP(A18,COLUMNA!$B$5:$C$1691,2,0) -> 9484 | C18: 278 | D18: =+VLOOKUP(C18,COLUMNA!$B$5:$C$1691,2,0) -> 17362 | E18: 1303 | F18: =+VLOOKUP(E18,COLUMNA!$B$5:$C$1691,2,0) -> 12710 | G18: T-8452 | H18: =+VLOOKUP(G18,COLUMNA!$B$5:$C$1691,2,0) -> 45070 | I18: D-8574 | J18: =+VLOOKUP(I18,COLUMNA!$B$5:$C$1691,2,0) -> 18937
A19: 134 | B19: =+VLOOKUP(A19,COLUMNA!$B$5:$C$1691,2,0) -> 10042 | C19: 279 | D19: =+VLOOKUP(C19,COLUMNA!$B$5:$C$1691,2,0) -> 19631 | E19: 1305 | F19: =+VLOOKUP(E19,COLUMNA!$B$5:$C$1691,2,0) -> 12820 | G19: R-8454 | H19: =+VLOOKUP(G19,COLUMNA!$B$5:$C$1691,2,0) -> 10905 | I19: R-8575 | J19: =+VLOOKUP(I19,COLUMNA!$B$5:$C$1691,2,0) -> 9455
A20: 135 | B20: =+VLOOKUP(A20,COLUMNA!$B$5:$C$1691,2,0) -> 9716 | C20: 280 | D20: =+VLOOKUP(C20,COLUMNA!$B$5:$C$1691,2,0) -> 17776 | E20: 1308 | F20: =+VLOOKUP(E20,COLUMNA!$B$5:$C$1691,2,0) -> 10046 | G20: R-8455 | H20: =+VLOOKUP(G20,COLUMNA!$B$5:$C$1691,2,0) -> 9232 | I20: T-8576 | J20: =+VLOOKUP(I20,COLUMNA!$B$5:$C$1691,2,0) -> 51273
A21: 136 | B21: =+VLOOKUP(A21,COLUMNA!$B$5:$C$1691,2,0) -> 11006 | C21: 281 | D21: =+VLOOKUP(C21,COLUMNA!$B$5:$C$1691,2,0) -> 17055 | E21: 1309 | F21: =+VLOOKUP(E21,COLUMNA!$B$5:$C$1691,2,0) -> 11774 | G21: R-8456 | H21: =+VLOOKUP(G21,COLUMNA!$B$5:$C$1691,2,0) -> 8238 | I21: R-8578 | J21: =+VLOOKUP(I21,COLUMNA!$B$5:$C$1691,2,0) -> 8466
A22: 137 | B22: =+VLOOKUP(A22,COLUMNA!$B$5:$C$1691,2,0) -> 11498 | C22: 282 | D22: =+VLOOKUP(C22,COLUMNA!$B$5:$C$1691,2,0) -> 19053 | E22: 5001R | F22: =+VLOOKUP(E22,COLUMNA!$B$5:$C$1691,2,0) -> 50529 | G22: R-8457 | H22: =+VLOOKUP(G22,COLUMNA!$B$5:$C$1691,2,0) -> 8681 | I22: R-8579 | J22: =+VLOOKUP(I22,COLUMNA!$B$5:$C$1691,2,0) -> 9830
A23: 138 | B23: =+VLOOKUP(A23,COLUMNA!$B$5:$C$1691,2,0) -> 9086 | C23: 283 | D23: =+VLOOKUP(C23,COLUMNA!$B$5:$C$1691,2,0) -> 16441 | E23: 5002 | F23: =+VLOOKUP(E23,COLUMNA!$B$5:$C$1691,2,0) -> 52527 | G23: R-8458 | H23: =+VLOOKUP(G23,COLUMNA!$B$5:$C$1691,2,0) -> 9365 | I23: R-8581 | J23: =+VLOOKUP(I23,COLUMNA!$B$5:$C$1691,2,0) -> 18406
A24: 139 | B24: =+VLOOKUP(A24,COLUMNA!$B$5:$C$1691,2,0) -> 10051 | C24: 284 | D24: =+VLOOKUP(C24,COLUMNA!$B$5:$C$1691,2,0) -> 19129 | E24: 5003R | F24: =+VLOOKUP(E24,COLUMNA!$B$5:$C$1691,2,0) -> 49939 | G24: R-8459 | H24: =+VLOOKUP(G24,COLUMNA!$B$5:$C$1691,2,0) -> 9529 | I24: T-8582 | J24: =+VLOOKUP(I24,COLUMNA!$B$5:$C$1691,2,0) -> 46967
A25: 140 | B25: =+VLOOKUP(A25,COLUMNA!$B$5:$C$1691,2,0) -> 10479 | C25: 285 | D25: =+VLOOKUP(C25,COLUMNA!$B$5:$C$1691,2,0) -> 18434 | E25: 5004 | F25: =+VLOOKUP(E25,COLUMNA!$B$5:$C$1691,2,0) -> 52527 | G25: R-8460 | H25: =+VLOOKUP(G25,COLUMNA!$B$5:$C$1691,2,0) -> 11686 | I25: T-8589 | J25: =+VLOOKUP(I25,COLUMNA!$B$5:$C$1691,2,0) -> 56180
A26: 141 | B26: =+VLOOKUP(A26,COLUMNA!$B$5:$C$1691,2,0) -> 10272 | C26: 286 | D26: =+VLOOKUP(C26,COLUMNA!$B$5:$C$1691,2,0) -> 17516 | E26: 5005 | F26: =+VLOOKUP(E26,COLUMNA!$B$5:$C$1691,2,0) -> 52527 | G26: R-8461 | H26: =+VLOOKUP(G26,COLUMNA!$B$5:$C$1691,2,0) -> 11686 | I26: R-8590 | J26: =+VLOOKUP(I26,COLUMNA!$B$5:$C$1691,2,0) -> 9793
A27: 142 | B27: =+VLOOKUP(A27,COLUMNA!$B$5:$C$1691,2,0) -> 10198 | C27: 287 | D27: =+VLOOKUP(C27,COLUMNA!$B$5:$C$1691,2,0) -> 17070 | E27: 5006 | F27: =+VLOOKUP(E27,COLUMNA!$B$5:$C$1691,2,0) -> 51430 | G27: R-8462 | H27: =+VLOOKUP(G27,COLUMNA!$B$5:$C$1691,2,0) -> 11463 | I27: R-8596 | J27: =+VLOOKUP(I27,COLUMNA!$B$5:$C$1691,2,0) -> 14249
A28: 143 | B28: =+VLOOKUP(A28,COLUMNA!$B$5:$C$1691,2,0) -> 10064 | C28: 288 | D28: =+VLOOKUP(C28,COLUMNA!$B$5:$C$1691,2,0) -> 16894 | E28: 5007R | F28: =+VLOOKUP(E28,COLUMNA!$B$5:$C$1691,2,0) -> 51802 | G28: R-8463 | H28: =+VLOOKUP(G28,COLUMNA!$B$5:$C$1691,2,0) -> 12192 | I28: R-8599 | J28: =+VLOOKUP(I28,COLUMNA!$B$5:$C$1691,2,0) -> 10297
A29: 144 | B29: =+VLOOKUP(A29,COLUMNA!$B$5:$C$1691,2,0) -> 10302 | C29: 289 | D29: =+VLOOKUP(C29,COLUMNA!$B$5:$C$1691,2,0) -> 17362 | E29: 5008 | F29: =+VLOOKUP(E29,COLUMNA!$B$5:$C$1691,2,0) -> 53651 | G29: R-8464 | H29: =+VLOOKUP(G29,COLUMNA!$B$5:$C$1691,2,0) -> 8791 | I29: R-8653 | J29: =+VLOOKUP(I29,COLUMNA!$B$5:$C$1691,2,0) -> 15879
A30: 149R | B30: =+VLOOKUP(A30,COLUMNA!$B$5:$C$1691,2,0) -> 5444 | C30: 291 | D30: =+VLOOKUP(C30,COLUMNA!$B$5:$C$1691,2,0) -> 18321 | E30: 5009 | F30: =+VLOOKUP(E30,COLUMNA!$B$5:$C$1691,2,0) -> 53652 | G30: R-8465 | H30: =+VLOOKUP(G30,COLUMNA!$B$5:$C$1691,2,0) -> 10177 | I30: R-8654 | J30: =+VLOOKUP(I30,COLUMNA!$B$5:$C$1691,2,0) -> 10167
A31: 152 | B31: =+VLOOKUP(A31,COLUMNA!$B$5:$C$1691,2,0) -> 10427 | C31: 292 | D31: =+VLOOKUP(C31,COLUMNA!$B$5:$C$1691,2,0) -> 21520 | E31: 5010 | F31: =+VLOOKUP(E31,COLUMNA!$B$5:$C$1691,2,0) -> 59201 | G31: R-8467 | H31: =+VLOOKUP(G31,COLUMNA!$B$5:$C$1691,2,0) -> 4231 | I31: T-8656 | J31: =+VLOOKUP(I31,COLUMNA!$B$5:$C$1691,2,0) -> 31855
A32: 153 | B32: 10198 | C32: 293 | D32: =+VLOOKUP(C32,COLUMNA!$B$5:$C$1691,2,0) -> 23663 | E32: 5011 | F32: =+VLOOKUP(E32,COLUMNA!$B$5:$C$1691,2,0) -> 55503 | G32: R-8468 | H32: =+VLOOKUP(G32,COLUMNA!$B$5:$C$1691,2,0) -> 9593 | I32: T-8658 | J32: =+VLOOKUP(I32,COLUMNA!$B$5:$C$1691,2,0) -> 53474
A33: 156 | B33: =+VLOOKUP(A33,COLUMNA!$B$5:$C$1691,2,0) -> 8374 | C33: 294 | D33: =+VLOOKUP(C33,COLUMNA!$B$5:$C$1691,2,0) -> 21877 | E33: T-5800 | F33: =+VLOOKUP(E33,COLUMNA!$B$5:$C$1691,2,0) -> 21382 | G33: R-8477 | H33: =+VLOOKUP(G33,COLUMNA!$B$5:$C$1691,2,0) -> 9909 | I33: R-8659 | J33: =+VLOOKUP(I33,COLUMNA!$B$5:$C$1691,2,0) -> 12009
A34: 157PLUS | B34: =+VLOOKUP(A34,COLUMNA!$B$5:$C$1691,2,0) -> 5236 | C34: 295 | D34: =+VLOOKUP(C34,COLUMNA!$B$5:$C$1691,2,0) -> 16760 | E34: T-8095 | F34: =+VLOOKUP(E34,COLUMNA!$B$5:$C$1691,2,0) -> 23370 | G34: R-8481 | H34: =+VLOOKUP(G34,COLUMNA!$B$5:$C$1691,2,0) -> 12652 | I34: T-8660 | J34: =+VLOOKUP(I34,COLUMNA!$B$5:$C$1691,2,0) -> 39293
A35: 158 | B35: =+VLOOKUP(A35,COLUMNA!$B$5:$C$1691,2,0) -> 6484 | C35: 296 | D35: =+VLOOKUP(C35,COLUMNA!$B$5:$C$1691,2,0) -> 29236 | E35: R-8130 | F35: =+VLOOKUP(E35,COLUMNA!$B$5:$C$1691,2,0) -> 9502 | G35: R-8484 | H35: =+VLOOKUP(G35,COLUMNA!$B$5:$C$1691,2,0) -> 14808 | I35: R-8661 | J35: =+VLOOKUP(I35,COLUMNA!$B$5:$C$1691,2,0) -> 11015
A36: 160/60 | B36: =+VLOOKUP(A36,COLUMNA!$B$5:$C$1691,2,0) -> 7131 | C36: 297 | D36: =+VLOOKUP(C36,COLUMNA!$B$5:$C$1691,2,0) -> 17281 | E36: R-8131 | F36: =+VLOOKUP(E36,COLUMNA!$B$5:$C$1691,2,0) -> 9523 | G36: R-8485 | H36: =+VLOOKUP(G36,COLUMNA!$B$5:$C$1691,2,0) -> 17995 | I36: D-8662 | J36: =+VLOOKUP(I36,COLUMNA!$B$5:$C$1691,2,0) -> 17170
A37: 161 | B37: =+VLOOKUP(A37,COLUMNA!$B$5:$C$1691,2,0) -> 9886 | C37: 298 | D37: =+VLOOKUP(C37,COLUMNA!$B$5:$C$1691,2,0) -> 17273 | E37: R-8133 | F37: 10584 | G37: R-8486 | H37: =+VLOOKUP(G37,COLUMNA!$B$5:$C$1691,2,0) -> 17437 | I37: T-8664 | J37: =+VLOOKUP(I37,COLUMNA!$B$5:$C$1691,2,0) -> 23342
A38: 162 | B38: =+VLOOKUP(A38,COLUMNA!$B$5:$C$1691,2,0) -> 10108 | C38: 299 | D38: =+VLOOKUP(C38,COLUMNA!$B$5:$C$1691,2,0) -> 17348 | E38: R-8135 | F38: =+VLOOKUP(E38,COLUMNA!$B$5:$C$1691,2,0) -> 10980 | G38: T-8487 | H38: =+VLOOKUP(G38,COLUMNA!$B$5:$C$1691,2,0) -> 61049 | I38: R-8665 | J38: =+VLOOKUP(I38,COLUMNA!$B$5:$C$1691,2,0) -> 9454
A39: 163 | B39: =+VLOOKUP(A39,COLUMNA!$B$5:$C$1691,2,0) -> 10571 | C39: 407 | D39: =+VLOOKUP(C39,COLUMNA!$B$5:$C$1691,2,0) -> 22421 | E39: D-8175 | F39: =+VLOOKUP(E39,COLUMNA!$B$5:$C$1691,2,0) -> 19759 | G39: D-8489 | H39: =+VLOOKUP(G39,COLUMNA!$B$5:$C$1691,2,0) -> 16092 | I39: R-8666 | J39: =+VLOOKUP(I39,COLUMNA!$B$5:$C$1691,2,0) -> 9731
A40: 164 | B40: =+VLOOKUP(A40,COLUMNA!$B$5:$C$1691,2,0) -> 9595 | C40: 408 | D40: =+VLOOKUP(C40,COLUMNA!$B$5:$C$1691,2,0) -> 25878 | E40: D-8176 | F40: =+VLOOKUP(E40,COLUMNA!$B$5:$C$1691,2,0) -> 22012 | G40: B-8500 | H40: =+VLOOKUP(G40,COLUMNA!$B$5:$C$1691,2,0) -> 26670 | I40: T-8667 | J40: =+VLOOKUP(I40,COLUMNA!$B$5:$C$1691,2,0) -> 42420
A41: 165 | B41: =+VLOOKUP(A41,COLUMNA!$B$5:$C$1691,2,0) -> 8303 | C41: 410 | D41: =+VLOOKUP(C41,COLUMNA!$B$5:$C$1691,2,0) -> 20413 | E41: D-8177 | F41: =+VLOOKUP(E41,COLUMNA!$B$5:$C$1691,2,0) -> 18623 | G41: B-8501 | H41: =+VLOOKUP(G41,COLUMNA!$B$5:$C$1691,2,0) -> 27248 | I41: K-8668 | J41: =+VLOOKUP(I41,COLUMNA!$B$5:$C$1691,2,0) -> 13159
A42: 166 | B42: =+VLOOKUP(A42,COLUMNA!$B$5:$C$1691,2,0) -> 10419 | C42: 447 | D42: =+VLOOKUP(C42,COLUMNA!$B$5:$C$1691,2,0) -> 11713 | E42: D-8179 | F42: =+VLOOKUP(E42,COLUMNA!$B$5:$C$1691,2,0) -> 20488 | G42: T-8503 | H42: =+VLOOKUP(G42,COLUMNA!$B$5:$C$1691,2,0) -> 44006 | I42: T-8669 | J42: =+VLOOKUP(I42,COLUMNA!$B$5:$C$1691,2,0) -> 41689
A43: 168R | B43: =+VLOOKUP(A43,COLUMNA!$B$5:$C$1691,2,0) -> 7069 | C43: 450 | D43: =+VLOOKUP(C43,COLUMNA!$B$5:$C$1691,2,0) -> 13162 | E43: B-8180 | F43: =+VLOOKUP(E43,COLUMNA!$B$5:$C$1691,2,0) -> 27901 | G43: T-8510 | H43: =+VLOOKUP(G43,COLUMNA!$B$5:$C$1691,2,0) -> 34026 | I43: R-8670 | J43: =+VLOOKUP(I43,COLUMNA!$B$5:$C$1691,2,0) -> 10749
A44: 170R | B44: =+VLOOKUP(A44,COLUMNA!$B$5:$C$1691,2,0) -> 7734 | C44: 477 | D44: =+VLOOKUP(C44,COLUMNA!$B$5:$C$1691,2,0) -> 11377 | E44: B-8181 | F44: =+VLOOKUP(E44,COLUMNA!$B$5:$C$1691,2,0) -> 18096 | G44: B-8511 | H44: =+VLOOKUP(G44,COLUMNA!$B$5:$C$1691,2,0) -> 51254 | I44: T-8672 | J44: =+VLOOKUP(I44,COLUMNA!$B$5:$C$1691,2,0) -> 86298
A45: 173 | B45: =+VLOOKUP(A45,COLUMNA!$B$5:$C$1691,2,0) -> 6513 | C45: 482 | D45: =+VLOOKUP(C45,COLUMNA!$B$5:$C$1691,2,0) -> 13176 | E45: B-8182 | F45: =+VLOOKUP(E45,COLUMNA!$B$5:$C$1691,2,0) -> 25701 | G45: B-8512 | H45: =+VLOOKUP(G45,COLUMNA!$B$5:$C$1691,2,0) -> 26656 | I45: R-8673 | J45: =+VLOOKUP(I45,COLUMNA!$B$5:$C$1691,2,0) -> 12985
A46: 174 | B46: =+VLOOKUP(A46,COLUMNA!$B$5:$C$1691,2,0) -> 9486 | C46: 507 | D46: =+VLOOKUP(C46,COLUMNA!$B$5:$C$1691,2,0) -> 30904 | E46: B-8183 | F46: =+VLOOKUP(E46,COLUMNA!$B$5:$C$1691,2,0) -> 17056 | G46: T-8522-R | H46: =+VLOOKUP(G46,COLUMNA!$B$5:$C$1691,2,0) -> 61051 | I46: R-8674 | J46: =+VLOOKUP(I46,COLUMNA!$B$5:$C$1691,2,0) -> 23790
A47: 177 | B47: =+VLOOKUP(A47,COLUMNA!$B$5:$C$1691,2,0) -> 9503 | C47: 513 | D47: =+VLOOKUP(C47,COLUMNA!$B$5:$C$1691,2,0) -> 30619 | E47: B-8190 | F47: =+VLOOKUP(E47,COLUMNA!$B$5:$C$1691,2,0) -> 32448 | G47: T-8523 | H47: =+VLOOKUP(G47,COLUMNA!$B$5:$C$1691,2,0) -> 155391 | I47: V-8688 | J47: =+VLOOKUP(I47,COLUMNA!$B$5:$C$1691,2,0) -> 1727
A48: 178 | B48: =+VLOOKUP(A48,COLUMNA!$B$5:$C$1691,2,0) -> 10468 | C48: 517 | D48: =+VLOOKUP(C48,COLUMNA!$B$5:$C$1691,2,0) -> 27995 | E48: B-8191 | F48: =+VLOOKUP(E48,COLUMNA!$B$5:$C$1691,2,0) -> 27597 | G48: T-8524 | H48: =+VLOOKUP(G48,COLUMNA!$B$5:$C$1691,2,0) -> 51804 | I48: V-8689 | J48: =+VLOOKUP(I48,COLUMNA!$B$5:$C$1691,2,0) -> 3158
A49: 184 | B49: =+VLOOKUP(A49,COLUMNA!$B$5:$C$1691,2,0) -> 12587 | C49: 529 | D49: =+VLOOKUP(C49,COLUMNA!$B$5:$C$1691,2,0) -> 36765 | E49: D-8233 | F49: =+VLOOKUP(E49,COLUMNA!$B$5:$C$1691,2,0) -> 18005 | G49: R-8525 | H49: =+VLOOKUP(G49,COLUMNA!$B$5:$C$1691,2,0) -> 10366 | I49: R-8690 | J49: =+VLOOKUP(I49,COLUMNA!$B$5:$C$1691,2,0) -> 6491
A50: 185 | B50: =+VLOOKUP(A50,COLUMNA!$B$5:$C$1691,2,0) -> 8933 | C50: 535 | D50: =+VLOOKUP(C50,COLUMNA!$B$5:$C$1691,2,0) -> 31772 | E50: D-8234 | F50: =+VLOOKUP(E50,COLUMNA!$B$5:$C$1691,2,0) -> 20708 | G50: R-8526 | H50: =+VLOOKUP(G50,COLUMNA!$B$5:$C$1691,2,0) -> 33135 | I50: B-8735 | J50: =+VLOOKUP(I50,COLUMNA!$B$5:$C$1691,2,0) -> 26978
A51: 186 | B51: =+VLOOKUP(A51,COLUMNA!$B$5:$C$1691,2,0) -> 10400 | C51: 805 | D51: 26320 | E51: D-8235 | F51: =+VLOOKUP(E51,COLUMNA!$B$5:$C$1691,2,0) -> 16100 | G51: R-8528 | H51: =+VLOOKUP(G51,COLUMNA!$B$5:$C$1691,2,0) -> 9896 | I51: T-8736 | J51: =+VLOOKUP(I51,COLUMNA!$B$5:$C$1691,2,0) -> 51802
A52: 188 | B52: =+VLOOKUP(A52,COLUMNA!$B$5:$C$1691,2,0) -> 9828 | C52: 806 | D52: =+VLOOKUP(C52,COLUMNA!$B$5:$C$1691,2,0) -> 23036 | E52: D-8236 | F52: =+VLOOKUP(E52,COLUMNA!$B$5:$C$1691,2,0) -> 14727 | G52: R-8529 | H52: =+VLOOKUP(G52,COLUMNA!$B$5:$C$1691,2,0) -> 9496 | I52: R-8737 | J52: =+VLOOKUP(I52,COLUMNA!$B$5:$C$1691,2,0) -> 9378
A53: 189 | B53: =+VLOOKUP(A53,COLUMNA!$B$5:$C$1691,2,0) -> 10418 | C53: 810 | D53: 52543 | E53: D-8237 | F53: =+VLOOKUP(E53,COLUMNA!$B$5:$C$1691,2,0) -> 16202 | G53: R-8530 | H53: =+VLOOKUP(G53,COLUMNA!$B$5:$C$1691,2,0) -> 9565 | I53: R-8738 | J53: =+VLOOKUP(I53,COLUMNA!$B$5:$C$1691,2,0) -> 7540
A54: 196 | B54: =+VLOOKUP(A54,COLUMNA!$B$5:$C$1691,2,0) -> 9691 | C54: 812 | D54: 44643 | E54: D-8242 | F54: =+VLOOKUP(E54,COLUMNA!$B$5:$C$1691,2,0) -> 20059 | G54: T-8545 | H54: =+VLOOKUP(G54,COLUMNA!$B$5:$C$1691,2,0) -> 51802 | I54: R-8740 | J54: =+VLOOKUP(I54,COLUMNA!$B$5:$C$1691,2,0) -> 12642
A55: 197 | B55: =+VLOOKUP(A55,COLUMNA!$B$5:$C$1691,2,0) -> 9829 | C55: 814 | D55: 44248 | E55: C-8382 | F55: =+VLOOKUP(E55,COLUMNA!$B$5:$C$1691,2,0) -> 26473 | G55: R-8549 | H55: =+VLOOKUP(G55,COLUMNA!$B$5:$C$1691,2,0) -> 9830 | I55: R-8750 | J55: =+VLOOKUP(I55,COLUMNA!$B$5:$C$1691,2,0) -> 10937
A56: 199 | B56: =+VLOOKUP(A56,COLUMNA!$B$5:$C$1691,2,0) -> 11021 | C56: 816 | D56: 24451 | E56: B-8402 | F56: =+VLOOKUP(E56,COLUMNA!$B$5:$C$1691,2,0) -> 18444 | G56: R-8550 | H56: =+VLOOKUP(G56,COLUMNA!$B$5:$C$1691,2,0) -> 9478 | I56: R-8751 | J56: =+VLOOKUP(I56,COLUMNA!$B$5:$C$1691,2,0) -> 10167
A57: 211E | B57: =+VLOOKUP(A57,COLUMNA!$B$5:$C$1691,2,0) -> 17928 | C57: 818 | D57: =+VLOOKUP(C57,COLUMNA!$B$5:$C$1691,2,0) -> 30224 | E57: B-8403 | F57: =+VLOOKUP(E57,COLUMNA!$B$5:$C$1691,2,0) -> 45397 | G57: R-8551 | H57: =+VLOOKUP(G57,COLUMNA!$B$5:$C$1691,2,0) -> 9830 | I57: R-8752 | J57: =+VLOOKUP(I57,COLUMNA!$B$5:$C$1691,2,0) -> 8442
A58: 222E | B58: =+VLOOKUP(A58,COLUMNA!$B$5:$C$1691,2,0) -> 17220 | C58: 821 | D58: 24454 | E58: B-8404 | F58: =+VLOOKUP(E58,COLUMNA!$B$5:$C$1691,2,0) -> 49478 | G58: R-8552 | H58: =+VLOOKUP(G58,COLUMNA!$B$5:$C$1691,2,0) -> 9830 | I58: R-8753 | J58: =+VLOOKUP(I58,COLUMNA!$B$5:$C$1691,2,0) -> 10982
A59: 222M | B59: =+VLOOKUP(A59,COLUMNA!$B$5:$C$1691,2,0) -> 5848 | C59: 824 | D59: 23802 | E59: B-8405 | F59: =+VLOOKUP(E59,COLUMNA!$B$5:$C$1691,2,0) -> 42945 | G59: D-8555 | H59: =+VLOOKUP(G59,COLUMNA!$B$5:$C$1691,2,0) -> 16977 | I59: R-8754 | J59: =+VLOOKUP(I59,COLUMNA!$B$5:$C$1691,2,0) -> 11952
A60: 224E | B60: =+VLOOKUP(A60,COLUMNA!$B$5:$C$1691,2,0) -> 18450 | C60: 825 | D60: 29900 | E60: B-8406 | F60: =+VLOOKUP(E60,COLUMNA!$B$5:$C$1691,2,0) -> 44344 | G60: D-8556 | H60: =+VLOOKUP(G60,COLUMNA!$B$5:$C$1691,2,0) -> 18271 | I60: R-8755 | J60: =+VLOOKUP(I60,COLUMNA!$B$5:$C$1691,2,0) -> 15929
A61: 244E | B61: =+VLOOKUP(A61,COLUMNA!$B$5:$C$1691,2,0) -> 17552 | C61: 826 | D61: 17097 | E61: B-8407 | F61: =+VLOOKUP(E61,COLUMNA!$B$5:$C$1691,2,0) -> 32521 | G61: D-8557 | H61: =+VLOOKUP(G61,COLUMNA!$B$5:$C$1691,2,0) -> 18208 | I61: R-8756 | J61: =+VLOOKUP(I61,COLUMNA!$B$5:$C$1691,2,0) -> 9083
A62: Estos precios no incluyen IVA
I64: Hoja 1/4
A68: LISTA DE PRECIOS Nº 268
A71: ART | B71: PRECIO | C71: ART | D71: PRECIO | E71: ART | F71: PRECIO | G71: ART | H71: PRECIO | I71: ART | J71: PRECIO
A72: M-8759 | B72: =+VLOOKUP(A72,COLUMNA!$B$5:$C$1691,2,0) -> 59562 | C72: R-8860 | D72: =+VLOOKUP(C72,COLUMNA!$B$5:$C$1691,2,0) -> 9456 | E72: R-9035 | F72: =+VLOOKUP(E72,COLUMNA!$B$5:$C$1691,2,0) -> 9994 | G72: T-9117 | H72: =+VLOOKUP(G72,COLUMNA!$B$5:$C$1691,2,0) -> 25369 | I72: B-9189 | J72: =+VLOOKUP(I72,COLUMNA!$B$5:$C$1691,2,0) -> 39900
A73: M-8760 | B73: =+VLOOKUP(A73,COLUMNA!$B$5:$C$1691,2,0) -> 54136 | C73: R-8861 | D73: =+VLOOKUP(C73,COLUMNA!$B$5:$C$1691,2,0) -> 9529 | E73: R-9036 | F73: =+VLOOKUP(E73,COLUMNA!$B$5:$C$1691,2,0) -> 10230 | G73: T-9118 | H73: =+VLOOKUP(G73,COLUMNA!$B$5:$C$1691,2,0) -> 27303 | I73: B-9190 | J73: =+VLOOKUP(I73,COLUMNA!$B$5:$C$1691,2,0) -> 30722
A74: M-8761 | B74: =+VLOOKUP(A74,COLUMNA!$B$5:$C$1691,2,0) -> 40541 | C74: R-8862 | D74: =+VLOOKUP(C74,COLUMNA!$B$5:$C$1691,2,0) -> 8787 | E74: R-9037 | F74: =+VLOOKUP(E74,COLUMNA!$B$5:$C$1691,2,0) -> 9830 | G74: T-9119 | H74: =+VLOOKUP(G74,COLUMNA!$B$5:$C$1691,2,0) -> 32470 | I74: B-9191 | J74: =+VLOOKUP(I74,COLUMNA!$B$5:$C$1691,2,0) -> 37497
A75: M-8762 | B75: =+VLOOKUP(A75,COLUMNA!$B$5:$C$1691,2,0) -> 54750 | C75: R-8864 | D75: =+VLOOKUP(C75,COLUMNA!$B$5:$C$1691,2,0) -> 8180 | E75: R-9038 | F75: =+VLOOKUP(E75,COLUMNA!$B$5:$C$1691,2,0) -> 10177 | G75: T-9120 | H75: =+VLOOKUP(G75,COLUMNA!$B$5:$C$1691,2,0) -> 29926 | I75: B-9192 | J75: =+VLOOKUP(I75,COLUMNA!$B$5:$C$1691,2,0) -> 30646
A76: M-8763 | B76: =+VLOOKUP(A76,COLUMNA!$B$5:$C$1691,2,0) -> 61368 | C76: T-8865-R | D76: =+VLOOKUP(C76,COLUMNA!$B$5:$C$1691,2,0) -> 62902 | E76: R-9039 | F76: =+VLOOKUP(E76,COLUMNA!$B$5:$C$1691,2,0) -> 9573 | G76: T-9121 | H76: =+VLOOKUP(G76,COLUMNA!$B$5:$C$1691,2,0) -> 28120 | I76: B-9193 | J76: =+VLOOKUP(I76,COLUMNA!$B$5:$C$1691,2,0) -> 30136
A77: M-8764 | B77: =+VLOOKUP(A77,COLUMNA!$B$5:$C$1691,2,0) -> 59562 | C77: T-8866-R | D77: =+VLOOKUP(C77,COLUMNA!$B$5:$C$1691,2,0) -> 62902 | E77: R-9040 | F77: =+VLOOKUP(E77,COLUMNA!$B$5:$C$1691,2,0) -> 8812 | G77: T-9122 | H77: =+VLOOKUP(G77,COLUMNA!$B$5:$C$1691,2,0) -> 29406 | I77: B-9194 | J77: =+VLOOKUP(I77,COLUMNA!$B$5:$C$1691,2,0) -> 52835
A78: M-8766 | B78: =+VLOOKUP(A78,COLUMNA!$B$5:$C$1691,2,0) -> 75806 | C78: T-8867 | D78: =+VLOOKUP(C78,COLUMNA!$B$5:$C$1691,2,0) -> 61050 | E78: R-9041 | F78: =+VLOOKUP(E78,COLUMNA!$B$5:$C$1691,2,0) -> 9184 | G78: D-9123 | H78: =+VLOOKUP(G78,COLUMNA!$B$5:$C$1691,2,0) -> 17221 | I78: B-9195 | J78: =+VLOOKUP(I78,COLUMNA!$B$5:$C$1691,2,0) -> 21057
A79: M-8767 | B79: =+VLOOKUP(A79,COLUMNA!$B$5:$C$1691,2,0) -> 68586 | C79: D-8910 | D79: =+VLOOKUP(C79,COLUMNA!$B$5:$C$1691,2,0) -> 28879 | E79: R-9042 | F79: =+VLOOKUP(E79,COLUMNA!$B$5:$C$1691,2,0) -> 9841 | G79: D-9124 | H79: =+VLOOKUP(G79,COLUMNA!$B$5:$C$1691,2,0) -> 16171 | I79: B-9196 | J79: =+VLOOKUP(I79,COLUMNA!$B$5:$C$1691,2,0) -> 37171
A80: M-8768 | B80: =+VLOOKUP(A80,COLUMNA!$B$5:$C$1691,2,0) -> 38738 | C80: M-8912 | D80: =+VLOOKUP(C80,COLUMNA!$B$5:$C$1691,2,0) -> 56846 | E80: D-9047 | F80: =+VLOOKUP(E80,COLUMNA!$B$5:$C$1691,2,0) -> 10748 | G80: D-9125 | H80: =+VLOOKUP(G80,COLUMNA!$B$5:$C$1691,2,0) -> 15779 | I80: B-9197 | J80: =+VLOOKUP(I80,COLUMNA!$B$5:$C$1691,2,0) -> 58240
A81: M-8770 | B81: =+VLOOKUP(A81,COLUMNA!$B$5:$C$1691,2,0) -> 53877 | C81: M-8913 | D81: =+VLOOKUP(C81,COLUMNA!$B$5:$C$1691,2,0) -> 80607 | E81: D-9047R | F81: =+VLOOKUP(E81,COLUMNA!$B$5:$C$1691,2,0) -> 11850 | G81: D-9126 | H81: =+VLOOKUP(G81,COLUMNA!$B$5:$C$1691,2,0) -> 17621 | I81: B-9198 | J81: =+VLOOKUP(I81,COLUMNA!$B$5:$C$1691,2,0) -> 59265
A82: M-8771 | B82: =+VLOOKUP(A82,COLUMNA!$B$5:$C$1691,2,0) -> 63323 | C82: M-8914 | D82: =+VLOOKUP(C82,COLUMNA!$B$5:$C$1691,2,0) -> 73280 | E82: D-9048 | F82: =+VLOOKUP(E82,COLUMNA!$B$5:$C$1691,2,0) -> 12825 | G82: D-9127 | H82: =+VLOOKUP(G82,COLUMNA!$B$5:$C$1691,2,0) -> 17699 | I82: B-9199 | J82: =+VLOOKUP(I82,COLUMNA!$B$5:$C$1691,2,0) -> 56775
A83: M-8774 | B83: =+VLOOKUP(A83,COLUMNA!$B$5:$C$1691,2,0) -> 39095 | C83: M-8915 | D83: =+VLOOKUP(C83,COLUMNA!$B$5:$C$1691,2,0) -> 77924 | E83: T-9050 | F83: =+VLOOKUP(E83,COLUMNA!$B$5:$C$1691,2,0) -> 88251 | G83: D-9128 | H83: =+VLOOKUP(G83,COLUMNA!$B$5:$C$1691,2,0) -> 17621 | I83: T-9200 | J83: =+VLOOKUP(I83,COLUMNA!$B$5:$C$1691,2,0) -> 71189
... A127: R-8859 | B127: =+VLOOKUP(A127,COLUMNA!$B$5:$C$1691,2,0) -> 9841 | C127: R-9034 | D127: =+VLOOKUP(C127,COLUMNA!$B$5:$C$1691,2,0) -> 9417 | E127: T-9116 | F127: =+VLOOKUP(E127,COLUMNA!$B$5:$C$1691,2,0) -> 26765 | G127: B-9185 | H127: =+VLOOKUP(G127,COLUMNA!$B$5:$C$1691,2,0) -> 57053 | I127: T-10065 | J127: =+VLOOKUP(I127,COLUMNA!$B$5:$C$1691,2,0) -> 19860
I128: Hoja: 2/4
A129: Estos precios no incluyen IVA
A134: LISTA DE PRECIOS Nº 268
A137: ART | B137: PRECIO | C137: ART | D137: PRECIO | E137: ART | F137: PRECIO | G137: ART | H137: PRECIO | I137: ART | J137: PRECIO
A138: R-10066 | B138: =+VLOOKUP(A138,COLUMNA!$B$5:$C$1691,2,0) -> 13348 | C138: G-91423 | D138: =+VLOOKUP(C138,COLUMNA!$B$5:$C$1691,2,0) -> 111544 | E138: G-91843 | F138: =+VLOOKUP(E138,COLUMNA!$B$5:$C$1691,2,0) -> 168940 | G138: G-91903 | H138: =+VLOOKUP(G138,COLUMNA!$B$5:$C$1691,2,0) -> 66276 | I138: FB402 | J138: =+VLOOKUP(I138,COLUMNA!$B$5:$C$1691,2,0) -> 19853
A139: R-10067 | B139: =+VLOOKUP(A139,COLUMNA!$B$5:$C$1691,2,0) -> 9373 | C139: G-91424 | D139: =+VLOOKUP(C139,COLUMNA!$B$5:$C$1691,2,0) -> 39214 | E139: G-91844 | F139: =+VLOOKUP(E139,COLUMNA!$B$5:$C$1691,2,0) -> 62632 | G139: G-91905 | H139: =+VLOOKUP(G139,COLUMNA!$B$5:$C$1691,2,0) -> 62521 | I139: FB457001 | J139: =+VLOOKUP(I139,COLUMNA!$B$5:$C$1691,2,0) -> 26351
A140: R-10068 | B140: =+VLOOKUP(A140,COLUMNA!$B$5:$C$1691,2,0) -> 13155 | C140: G-91425 | D140: =+VLOOKUP(C140,COLUMNA!$B$5:$C$1691,2,0) -> 54621 | E140: G-91845 | F140: =+VLOOKUP(E140,COLUMNA!$B$5:$C$1691,2,0) -> 55230 | G140: G-91906 | H140: =+VLOOKUP(G140,COLUMNA!$B$5:$C$1691,2,0) -> 62632 | I140: FD009701 | J140: =+VLOOKUP(I140,COLUMNA!$B$5:$C$1691,2,0) -> 21658
A141: R-10069 | B141: =+VLOOKUP(A141,COLUMNA!$B$5:$C$1691,2,0) -> 9810 | C141: G-91426 | D141: =+VLOOKUP(C141,COLUMNA!$B$5:$C$1691,2,0) -> 58680 | E141: G-91846 | F141: =+VLOOKUP(E141,COLUMNA!$B$5:$C$1691,2,0) -> 63860 | G141: G-91907 | H141: =+VLOOKUP(G141,COLUMNA!$B$5:$C$1691,2,0) -> 73788 | I141: FD116380 | J141: =+VLOOKUP(I141,COLUMNA!$B$5:$C$1691,2,0) -> 14447
A142: R-10070 | B142: =+VLOOKUP(A142,COLUMNA!$B$5:$C$1691,2,0) -> 17909 | C142: G-91427 | D142: =+VLOOKUP(C142,COLUMNA!$B$5:$C$1691,2,0) -> 36638 | E142: G-91847 | F142: =+VLOOKUP(E142,COLUMNA!$B$5:$C$1691,2,0) -> 57722 | G142: G-91908 | H142: =+VLOOKUP(G142,COLUMNA!$B$5:$C$1691,2,0) -> 83790 | I142: FD116388 | J142: =+VLOOKUP(I142,COLUMNA!$B$5:$C$1691,2,0) -> 12886
A143: R-10071 | B143: =+VLOOKUP(A143,COLUMNA!$B$5:$C$1691,2,0) -> 22457 | C143: G-91428 | D143: =+VLOOKUP(C143,COLUMNA!$B$5:$C$1691,2,0) -> 61359 | E143: G-91848 | F143: =+VLOOKUP(E143,COLUMNA!$B$5:$C$1691,2,0) -> 39852 | G143: G-91909 | H143: =+VLOOKUP(G143,COLUMNA!$B$5:$C$1691,2,0) -> 51552 | I143: FD116432 | J143: =+VLOOKUP(I143,COLUMNA!$B$5:$C$1691,2,0) -> 30323
A144: R-10072 | B144: =+VLOOKUP(A144,COLUMNA!$B$5:$C$1691,2,0) -> 17810 | C144: G-91429 | D144: =+VLOOKUP(C144,COLUMNA!$B$5:$C$1691,2,0) -> 40429 | E144: G-91849 | F144: =+VLOOKUP(E144,COLUMNA!$B$5:$C$1691,2,0) -> 66946 | G144: G-91910 | H144: =+VLOOKUP(G144,COLUMNA!$B$5:$C$1691,2,0) -> 46892 | I144: FD148399 | J144: =+VLOOKUP(I144,COLUMNA!$B$5:$C$1691,2,0) -> 54147
A145: D-10073 | B145: =+VLOOKUP(A145,COLUMNA!$B$5:$C$1691,2,0) -> 17005 | C145: G-91431 | D145: =+VLOOKUP(C145,COLUMNA!$B$5:$C$1691,2,0) -> 40540 | E145: G-91850 | F145: =+VLOOKUP(E145,COLUMNA!$B$5:$C$1691,2,0) -> 61908 | G145: G-91911 | H145: =+VLOOKUP(G145,COLUMNA!$B$5:$C$1691,2,0) -> 55230 | I145: FD276010 | J145: =+VLOOKUP(I145,COLUMNA!$B$5:$C$1691,2,0) -> 19405
A146: D-10074 | B146: =+VLOOKUP(A146,COLUMNA!$B$5:$C$1691,2,0) -> 17307 | C146: G-91432 | D146: =+VLOOKUP(C146,COLUMNA!$B$5:$C$1691,2,0) -> 50574 | E146: G-91851 | F146: =+VLOOKUP(E146,COLUMNA!$B$5:$C$1691,2,0) -> 73833 | G146: G-91912 | H146: =+VLOOKUP(G146,COLUMNA!$B$5:$C$1691,2,0) -> 57753 | I146: FD472557 | J146: =+VLOOKUP(I146,COLUMNA!$B$5:$C$1691,2,0) -> 15156
A147: D-10080 | B147: =+VLOOKUP(A147,COLUMNA!$B$5:$C$1691,2,0) -> 16204 | C147: G-91433 | D147: =+VLOOKUP(C147,COLUMNA!$B$5:$C$1691,2,0) -> 44240 | E147: G-91852 | F147: =+VLOOKUP(E147,COLUMNA!$B$5:$C$1691,2,0) -> 37535 | G147: G-91913 | H147: =+VLOOKUP(G147,COLUMNA!$B$5:$C$1691,2,0) -> 87828 | I147: FD648534 | J147: =+VLOOKUP(I147,COLUMNA!$B$5:$C$1691,2,0) -> 14295
A148: D-10083 | B148: =+VLOOKUP(A148,COLUMNA!$B$5:$C$1691,2,0) -> 16202 | C148: G-91434 | D148: =+VLOOKUP(C148,COLUMNA!$B$5:$C$1691,2,0) -> 44184 | E148: G-91853 | F148: =+VLOOKUP(E148,COLUMNA!$B$5:$C$1691,2,0) -> 44295 | G148: G-91914 | H148: =+VLOOKUP(G148,COLUMNA!$B$5:$C$1691,2,0) -> 70798 | I148: FD690012 | J148: =+VLOOKUP(I148,COLUMNA!$B$5:$C$1691,2,0) -> 24638
A149: D-10084 | B149: =+VLOOKUP(A149,COLUMNA!$B$5:$C$1691,2,0) -> 16218 | C149: G-91435 | D149: =+VLOOKUP(C149,COLUMNA!$B$5:$C$1691,2,0) -> 37075 | E149: G-91854 | F149: =+VLOOKUP(E149,COLUMNA!$B$5:$C$1691,2,0) -> 72341 | G149: G-91915 | H149: =+VLOOKUP(G149,COLUMNA!$B$5:$C$1691,2,0) -> 43318 | I149: FFE43F02 | J149: =+VLOOKUP(I149,COLUMNA!$B$5:$C$1691,2,0) -> 23468
A150: G-90021 | B150: =+VLOOKUP(A150,COLUMNA!$B$5:$C$1691,2,0) -> 35723 | E150: G-91855 | F150: =+VLOOKUP(E150,COLUMNA!$B$5:$C$1691,2,0) -> 57753 | G150: G-91916 | H150: =+VLOOKUP(G150,COLUMNA!$B$5:$C$1691,2,0) -> 57722 | I150: FFE9DF01 | J150: =+VLOOKUP(I150,COLUMNA!$B$5:$C$1691,2,0) -> 21210
A151: G-90022 | B151: =+VLOOKUP(A151,COLUMNA!$B$5:$C$1691,2,0) -> 36640 | C151: G-91437 | D151: 56263 | E151: G-91856 | F151: =+VLOOKUP(E151,COLUMNA!$B$5:$C$1691,2,0) -> 57722 | G151: Reguladores de Voltaje | I151: FFE9DF04 | J151: =+VLOOKUP(I151,COLUMNA!$B$5:$C$1691,2,0) -> 22142
A152: G-90025 | B152: =+VLOOKUP(A152,COLUMNA!$B$5:$C$1691,2,0) -> 40502 | C152: G-91438 | D152: 63300 | E152: G-91857 | F152: =+VLOOKUP(E152,COLUMNA!$B$5:$C$1691,2,0) -> 153099 | I152: FFF5RZ06 | J152: =+VLOOKUP(I152,COLUMNA!$B$5:$C$1691,2,0) -> 33841
A153: G-90026 | B153: =+VLOOKUP(A153,COLUMNA!$B$5:$C$1691,2,0) -> 42132 | C153: G-91439 | D153: 105479 | E153: G-91858 | F153: =+VLOOKUP(E153,COLUMNA!$B$5:$C$1691,2,0) -> 151595 | G153: F018 | H153: =+VLOOKUP(G153,COLUMNA!$B$5:$C$1691,2,0) -> 19174 | I153: FFF6DY03 | J153: =+VLOOKUP(I153,COLUMNA!$B$5:$C$1691,2,0) -> 32780
A154: G-90091 | B154: =+VLOOKUP(A154,COLUMNA!$B$5:$C$1691,2,0) -> 40540 | C154: G-91440 | D154: 56232 | E154: G-91859 | F154: =+VLOOKUP(E154,COLUMNA!$B$5:$C$1691,2,0) -> 38120 | G154: F1248 | H154: =+VLOOKUP(G154,COLUMNA!$B$5:$C$1691,2,0) -> 19853 | I154: FFGR815 | J154: =+VLOOKUP(I154,COLUMNA!$B$5:$C$1691,2,0) -> 32145
A155: G-90162 | B155: =+VLOOKUP(A155,COLUMNA!$B$5:$C$1691,2,0) -> 40503 | C155: G-91441 | D155: 112569 | E155: G-91860 | F155: =+VLOOKUP(E155,COLUMNA!$B$5:$C$1691,2,0) -> 50541 | G155: F1400 | H155: =+VLOOKUP(G155,COLUMNA!$B$5:$C$1691,2,0) -> 23606 | I155: FH003319 | J155: =+VLOOKUP(I155,COLUMNA!$B$5:$C$1691,2,0) -> 42328
...

Sheet COLUMNA
A1: RALUX SAIC | C1: 46220
A2: Referencia | C2: Precio de venta
C3: L268
A5: BOB001-G-90021 | B5: =+VLOOKUP(A5,Hoja1!$A$3:$B$2000,2,0) -> G-90021 | C5: 35723
A6: BOB002-G-90022 | B6: =+VLOOKUP(A6,Hoja1!$A$3:$B$2000,2,0) -> G-90022 | C6: 36640
A7: BOB003-G-90025 | B7: =+VLOOKUP(A7,Hoja1!$A$3:$B$2000,2,0) -> G-90025 | C7: 40502
A8: BOB004-G-90026 | B8: =+VLOOKUP(A8,Hoja1!$A$3:$B$2000,2,0) -> G-90026 | C8: 42132
A9: BOB005-G-90091 | B9: =+VLOOKUP(A9,Hoja1!$A$3:$B$2000,2,0) -> G-90091 | C9: 40540
A10: BOB006-G-90162 | B10: =+VLOOKUP(A10,Hoja1!$A$3:$B$2000,2,0) -> G-90162 | C10: 40503
A11: BOB007-G-90169 | B11: =+VLOOKUP(A11,Hoja1!$A$3:$B$2000,2,0) -> G-90169 | C11: 40504
A12: BOB008-G-90170 | B12: =+VLOOKUP(A12,Hoja1!$A$3:$B$2000,2,0) -> G-90170 | C12: 42340
A13: BOB009-G-90171 | B13: =+VLOOKUP(A13,Hoja1!$A$3:$B$2000,2,0) -> G-90171 | C13: 42339
A14: BOB010-G-91351 | B14: =+VLOOKUP(A14,Hoja1!$A$3:$B$2000,2,0) -> G-91351 | C14: 63209
A15: BOB011-G-91354 | B15: =+VLOOKUP(A15,Hoja1!$A$3:$B$2000,2,0) -> G-91354 | C15: 70663
A16: BOB012-G-91359 | B16: =+VLOOKUP(A16,Hoja1!$A$3:$B$2000,2,0) -> G-91359 | C16: 27946
... A178: BOB179-G-91916 | B178: =+VLOOKUP(A178,Hoja1!$A$3:$B$2000,2,0) -> G-91916 | C178: 57722
A179: BOB180-G-91884 | B179: G-91884 | C179: 43751
A180: BOC001-B-10000 | B180: =+VLOOKUP(A180,Hoja1!$A$3:$B$2000,2,0) -> B-10000 | C180: 34852
A181: BOC002-B-10001 | B181: =+VLOOKUP(A181,Hoja1!$A$3:$B$2000,2,0) -> B-10001 | C181: 31919
A182: BOC003-B-10002 | B182: =+VLOOKUP(A182,Hoja1!$A$3:$B$2000,2,0) -> B-10002 | C182: 30838
A183: BOC004-B-10003 | B183: =+VLOOKUP(A183,Hoja1!$A$3:$B$2000,2,0) -> B-10003 | C183: 67586
A184: BOC005-B-10004 | B184: =+VLOOKUP(A184,Hoja1!$A$3:$B$2000,2,0) -> B-10004 | C184: 60272
A185: BOC006-B-10005 | B185: =+VLOOKUP(A185,Hoja1!$A$3:$B$2000,2,0) -> B-10005 | C185: 70095
A186: BOC007-B-8180 | B186: =+VLOOKUP(A186,Hoja1!$A$3:$B$2000,2,0) -> B-8180 | C186: 27901
A187: BOC008-B-8181 | B187: =+VLOOKUP(A187,Hoja1!$A$3:$B$2000,2,0) -> B-8181 | C187: 18096
A188: BOC009-B-8182 | B188: =+VLOOKUP(A188,Hoja1!$A$3:$B$2000,2,0) -> B-8182 | C188: 25701
A189: BOC010-B-8183 | B189: =+VLOOKUP(A189,Hoja1!$A$3:$B$2000,2,0) -> B-8183 | C189: 17056
A190: BOC011-B-8190 | B190: =+VLOOKUP(A190,Hoja1!$A$3:$B$2000,2,0) -> B-8190 | C190: 32448
A191: BOC012-B-8191 | B191: =+VLOOKUP(A191,Hoja1!$A$3:$B$2000,2,0) -> B-8191 | C191: 27597
... A492: OTR027-V-8820 | B492: =+VLOOKUP(A492,Hoja1!$A$3:$B$2000,2,0) -> V-8820 | C492: 4238
A493: OTR028-V-8821 | B493: V-8821 | C493: 5226
A494: PLA001-PA014100 | B494: =+VLOOKUP(A494,Hoja1!$A$3:$B$2000,2,0) -> PA014100 | C494: 7911
A495: PLA002-PA014200 | B495: =+VLOOKUP(A495,Hoja1!$A$3:$B$2000,2,0) -> PA014200 | C495: 9663
A496: PLA003-PA12475 | B496: =+VLOOKUP(A496,Hoja1!$A$3:$B$2000,2,0) -> PA12475 | C496: 12648
A497: PLA004-PA13137 | B497: =+VLOOKUP(A497,Hoja1!$A$3:$B$2000,2,0) -> PA13137 | C497: 15072
A498: PLA005-PA13153 | B498: =+VLOOKUP(A498,Hoja1!$A$3:$B$2000,2,0) -> PA13153 | C498: 14459
A499: PLA006-PA13293 | B499: =+VLOOKUP(A499,Hoja1!$A$3:$B$2000,2,0) -> PA13293 | C499: 12431
A500: PLA007-PATRIO50A | B500: =+VLOOKUP(A500,Hoja1!$A$3:$B$2000,2,0) -> PATRIO50A | C500: 9787
A501: PLA008-PP12441 | B501: =+VLOOKUP(A501,Hoja1!$A$3:$B$2000,2,0) -> PP12441 | C501: 17732
A502: PLA009-PP12442 | B502: =+VLOOKUP(A502,Hoja1!$A$3:$B$2000,2,0) -> PP12442 | C502: 19404
A503: PLA010-PP12574 | B503: =+VLOOKUP(A503,Hoja1!$A$3:$B$2000,2,0) -> PP12574 | C503: 21345
A504: PLA011-PP12575 | B504: =+VLOOKUP(A504,Hoja1!$A$3:$B$2000,2,0) -> PP12575 | C504: 19468
A505: PLA012-PP12721 | B505: =+VLOOKUP(A505,Hoja1!$A$3:$B$2000,2,0) -> PP12721 | C505: 20733
... A727: REG110-FB087040 | B727: =+VLOOKUP(A727,Hoja1!$A$3:$B$2000,2,0) -> FB087040 | C727: 30323
A728: REG111-FMI028095 | B728: FMI028095 | C728: 43437
A729: REL001-103 | B729: =+VLOOKUP(A729,Hoja1!$A$3:$B$2000,2,0) -> 103 | C729: 21958
A730: REL002-104 | B730: =+VLOOKUP(A730,Hoja1!$A$3:$B$2000,2,0) -> 104 | C730: 20704
A731: REL003-106 | B731: =+VLOOKUP(A731,Hoja1!$A$3:$B$2000,2,0) -> 106 | C731: 21634
A732: REL004-107 | B732: =+VLOOKUP(A732,Hoja1!$A$3:$B$2000,2,0) -> 107 | C732: 22764
A733: REL005-109 | B733: =+VLOOKUP(A733,Hoja1!$A$3:$B$2000,2,0) -> 109 | C733: 24298
A734: REL006-110 | B734: =+VLOOKUP(A734,Hoja1!$A$3:$B$2000,2,0) -> 110 | C734: 23693
A735: REL007-111 | B735: =+VLOOKUP(A735,Hoja1!$A$3:$B$2000,2,0) -> 111 | C735: 23737
A736: REL008-112 | B736: =+VLOOKUP(A736,Hoja1!$A$3:$B$2000,2,0) -> 112 | C736: 24462
A737: REL010-130 | B737: =+VLOOKUP(A737,Hoja1!$A$3:$B$2000,2,0) -> 130 | C737: 11136
A738: REL011-132 | B738: =+VLOOKUP(A738,Hoja1!$A$3:$B$2000,2,0) -> 132 | C738: 8893
A739: REL012-133 | B739: =+VLOOKUP(A739,Hoja1!$A$3:$B$2000,2,0) -> 133 | C739: 9484
A740: REL013-134 | B740: =+VLOOKUP(A740,Hoja1!$A$3:$B$2000,2,0) -> 134 | C740: 10042
... A773: REL046-157PLUS | B773: =+VLOOKUP(A773,Hoja1!$A$3:$B$2000,2,0) -> 157PLUS | C773: 5236
A774: REL047-160/60 | B774: 160/60 | C774: 7131
A775: REL048-168R | B775: =+VLOOKUP(A775,Hoja1!$A$3:$B$2000,2,0) -> 168R | C775: 7069
A776: REL049-170R | B776: =+VLOOKUP(A776,Hoja1!$A$3:$B$2000,2,0) -> 170R | C776: 7734
A777: REL050-R-10010 | B777: =+VLOOKUP(A777,Hoja1!$A$3:$B$2000,2,0) -> R-10010 | C777: 10013
A778: REL051-R-10011 | B778: =+VLOOKUP(A778,Hoja1!$A$3:$B$2000,2,0) -> R-10011 | C778: 7862
A779: REL052-R-10019 | B779: =+VLOOKUP(A779,Hoja1!$A$3:$B$2000,2,0) -> R-10019 | C779: 9840
A780: REL053-R-10024 | B780: =+VLOOKUP(A780,Hoja1!$A$3:$B$2000,2,0) -> R-10024 | C780: 9454
A781: REL054-R-10025 | B781: =+VLOOKUP(A781,Hoja1!$A$3:$B$2000,2,0) -> R-10025 | C781: 9454
A782: REL055-R-10026 | B782: =+VLOOKUP(A782,Hoja1!$A$3:$B$2000,2,0) -> R-10026 | C782: 14861
A783: REL056-R-10027 | B783: =+VLOOKUP(A783,Hoja1!$A$3:$B$2000,2,0) -> R-10027 | C783: 9455
A784: REL057-R-10028 | B784: =+VLOOKUP(A784,Hoja1!$A$3:$B$2000,2,0) -> R-10028 | C784: 14278
A785: REL058-R-10029 | B785: =+VLOOKUP(A785,Hoja1!$A$3:$B$2000,2,0) -> R-10029 | C785: 12572
A786: REL059-R-10030 | B786: =+VLOOKUP(A786,Hoja1!$A$3:$B$2000,2,0) -> R-10030 | C786: 14094
... A970: REL245-113 | B970: =+VLOOKUP(A970,Hoja1!$A$3:$B$2000,2,0) -> 113 | C970: 26261
A971: REL247-129 | B971: 129 | C971: 11525
A972: REL248-R-8133 | B972: R-8133 | C972: 10584
A973: REL250-128 | B973: 128 | C973: 11191
A974: REL251-153 | B974: 153 | C974: 10198
A975: TEM001-805 | B975: 805 | C975: 26320
A976: TEM002-810 | B976: 810 | C976: 52543
A977: TEM003-812 | B977: 812 | C977: 44643
A978: TEM004-814 | B978: 814 | C978: 44248
A979: TEM005-816 | B979: 816 | C979: 24451
A980: TEM006-821 | B980: 821 | C980: 24454
A981: TEM007-824 | B981: 824 | C981: 23802
A982: TEM008-825 | B982: 825 | C982: 29900
A983: TEM009-826 | B983: 826 | C983: 17097
A984: TEM011-828 | B984: 828 | C984: 28779
... A986: TEM013-832 | B986: 832 | C986: 40202
A987: TEM014-1006605 | B987: =+VLOOKUP(A987,Hoja1!$A$3:$B$2000,2,0) -> 1006605 | C987: 163282
A988: TEM015-806 | B988: =+VLOOKUP(A988,Hoja1!$A$3:$B$2000,2,0) -> 806 | C988: 23036
A989: TEM016-818 | B989: =+VLOOKUP(A989,Hoja1!$A$3:$B$2000,2,0) -> 818 | C989: 30224
A990: TEM017-T-10048 | B990: =+VLOOKUP(A990,Hoja1!$A$3:$B$2000,2,0) -> T-10048 | C990: 21273
A991: TEM018-T-10065 | B991: =+VLOOKUP(A991,Hoja1!$A$3:$B$2000,2,0) -> T-10065 | C991: 19860
A992: TEM019-T-8426 | B992: =+VLOOKUP(A992,Hoja1!$A$3:$B$2000,2,0) -> T-8426 | C992: 31015
A993: TEM020-T-8428 | B993: =+VLOOKUP(A993,Hoja1!$A$3:$B$2000,2,0) -> T-8428 | C993: 29977
A994: TEM021-T-8452 | B994: =+VLOOKUP(A994,Hoja1!$A$3:$B$2000,2,0) -> T-8452 | C994: 45070
A995: TEM022-T-8503 | B995: =+VLOOKUP(A995,Hoja1!$A$3:$B$2000,2,0) -> T-8503 | C995: 44006
A996: TEM023-T-8510 | B996: =+VLOOKUP(A996,Hoja1!$A$3:$B$2000,2,0) -> T-8510 | C996: 34026
A997: TEM024-T-8569 | B997: =+VLOOKUP(A997,Hoja1!$A$3:$B$2000,2,0) -> T-8569 | C997: 85267
A998: TEM025-T-8573 | B998: =+VLOOKUP(A998,Hoja1!$A$3:$B$2000,2,0) -> T-8573 | C998: 14583
... A1036: TEM068-T-9200 | B1036: =+VLOOKUP(A1036,Hoja1!$A$3:$B$2000,2,0) -> T-9200 | C1036: 71189

Sheet Hoja1
A1: NOMBRE DEL PRODUCTO | B1: CODIGO
A2: Name | B2: VTAS
A3: REL001-103 | B3: 103
A4: REL002-104 | B4: 104
A5: REL003-106 | B5: 106
A6: REL004-107 | B6: 107
A7: REL005-109 | B7: 109
A8: REL006-110 | B8: 110
A9: REL007-111 | B9: 111
A10: REL008-112 | B10: 112
A11: REL009-127 | B11: 127
A12: REL010-130 | B12: 130
A13: REL011-132 | B13: 132
A14: REL012-133 | B14: 133
... A123: TEM014-1006605 | B123: 1006605
A124: OTR012-1150A | B124: 1150A
A125: OTR013-1150E | B125: 1150E
A126: REL045-149R | B126: 149R
A127: REL046-157PLUS | B127: 157PLUS
A128: REL047-160/60 | B128: 160/60
A129: REL048-168R | B129: 168R
A130: REL049-170R | B130: 170R
A131: DES033-211E | B131: 211E
A132: DES034-222E | B132: 222E
A133: DES035-222M | B133: 222M
A134: DES036-224E | B134: 224E
A135: DES037-244E | B135: 244E
... A989: REL244-RGC-9181 | B989: RGC-9181
A990: REL245-113 | B990: 113
A991: TEM015-806 | B991: 806
A992: TEM016-818 | B992: 818
A993: TEM017-T-10048 | B993: T-10048
A994: TEM018-T-10065 | B994: T-10065
A995: OTR019-T-1302 | B995: T-1302
A996: OTR020-T-1304 | B996: T-1304
A997: OTR021-T-5800 | B997: T-5800
A998: OTR022-T-8095 | B998: T-8095
A999: TEM019-T-8426 | B999: T-8426
A1000: TEM020-T-8428 | B1000: T-8428
A1001: PRE012-T-8445-R | B1001: T-8445-R
A1002: TEM021-T-8452 | B1002: T-8452
A1003: PRE013-T-8487 | B1003: T-8487
A1004: TEM022-T-8503 | B1004: T-8503
... A1069: OTR027-V-8820 | B1069: V-8820
B1070: V-8821
