Workbook

Sheet Productos
A1: eliminar | B1: id | C1: codigo_ralux | D1: producto_tipo_id | E1: descripcion_es | F1: precio | G1: descuento | H1: voltaje | I1: amperaje | J1: terminales | K1: soporte | L1: caract_1 | M1: valor_1 | N1: caract_2 | O1: valor_2 | P1: caract_3 | Q1: valor_3 | R1: caract_4 | S1: valor_4 | T1: caract_5 | U1: valor_5 | V1: caract_6 | W1: valor_6 | X1: caract_7 | Y1: valor_7 | Z1: caract_8 | AA1: valor_8 | AB1: caract_9 | AC1: valor_9 | AD1: caract_10 | AE1: valor_10 | AF1: destacado | AG1: visible | AH1: orden | AI1: vehiculo_tipos_ids | AJ1: marcas_ids | AK1: modelos_ids | AL1: codigos_om
A2: A VALIDAR | B2: 1350 | C2: T-9200 | D2: 14 | E2: Temporizador de Parada solicitada | F2: =VLOOKUP(Productos!C2,PRECIOS!$A$5:$C$1031,3,FALSE) -> 67660 | G2: 0 | H2: 24 | I2: 10 | K2: 1 | AG2: 1 | AI2: 11 | AK2: 1593
B3: 1302 | C3: FMI023200 | D3: 21 | E3: Regulador de voltaje | F3: =VLOOKUP(Productos!C3,PRECIOS!$A$5:$C$1031,3,FALSE) -> 35166 | G3: 0 | H3: 12 | AG3: 1 | AI3: 4 | AJ3: 87 | AK3: 101,102,110 | AL3: A866X23200|87
B4: 1334 | C4: R-10062 | D4: 14 | E4: Relé multifunción | F4: =VLOOKUP(Productos!C4,PRECIOS!$A$5:$C$1031,3,FALSE) -> 10163 | G4: 0 | H4: 12 | J4: 5 | AG4: 1 | AI4: 4 | AJ4: 51 | AK4: 1906,1907 | AL4: A0025421419|51
B5: 1335 | C5: R-10063 | D5: 14 | E5: Relé multifunción | F5: =VLOOKUP(Productos!C5,PRECIOS!$A$5:$C$1031,3,FALSE) -> 9232 | G5: 0 | H5: 12 | J5: 5 | AG5: 1 | AI5: 4 | AJ5: 47 | AK5: 132,1299,1709 | AL5: 13266315|47
B6: 1336 | C6: R-10064 | D6: 14 | E6: Relé multifunción | F6: =VLOOKUP(Productos!C6,PRECIOS!$A$5:$C$1031,3,FALSE) -> 12877 | G6: 0 | H6: 12 | J6: 4 | AG6: 1 | AI6: 4 | AJ6: 47 | AK6: 126,129,1811 | AL6: 90494959|47
B7: 1337 | C7: T-10065 | D7: 16 | E7: Temporizador | F7: =VLOOKUP(Productos!C7,PRECIOS!$A$5:$C$1031,3,FALSE) -> 18784 | G7: 0 | H7: 12 | J7: 3 | AG7: 1 | AI7: 6 | AJ7: 51 | AK7: 147 | AL7: A3845427023|51
B8: 1338 | C8: R-10010 | D8: 14 | E8: Relé multifunción | F8: =VLOOKUP(Productos!C8,PRECIOS!$A$5:$C$1031,3,FALSE) -> 9320 | G8: 0 | H8: 12 | J8: 4 | AG8: 1 | AI8: 4 | AJ8: 74 | AK8: 270,553,1577 | AL8: 90987-02012|74
B9: 1339 | C9: R-10011 | D9: 14 | E9: Relé multifunción | F9: =VLOOKUP(Productos!C9,PRECIOS!$A$5:$C$1031,3,FALSE) -> 7285 | G9: 0 | H9: 12 | J9: 4 | AG9: 1 | AI9: 4 | AJ9: 74 | AK9: 1876,1880 | AL9: 90987-02028|74
B10: 1340 | C10: R-10019 | D10: 14 | E10: Relé multifunción | F10: =VLOOKUP(Productos!C10,PRECIOS!$A$5:$C$1031,3,FALSE) -> 9156 | G10: 0 | H10: 12 | J10: 5 | AG10: 1 | AI10: 4 | AJ10: 74 | AK10: 553,1491,1577,1880 | AL10: 156700-1062|74,88263-32070|74,90080-87009|74,90080-87012|74,90080-8720|74,90084-98032|74,90987-04004|74
B11: 1342 | C11: R-10025 | D11: 14 | E11: Relé multifunción | F11: =VLOOKUP(Productos!C11,PRECIOS!$A$5:$C$1031,3,FALSE) -> 8791 | G11: 0 | H11: 12 | J11: 4 | AG11: 1 | AI11: 4 | AJ11: 74 | AK11: 553,971 | AL11: 90987-02020|74
B12: 1343 | C12: R-10026 | D12: 14 | E12: Relé multifunción | F12: =VLOOKUP(Productos!C12,PRECIOS!$A$5:$C$1031,3,FALSE) -> 13905 | G12: 0 | H12: 12 | J12: 4 | AG12: 1 | AI12: 4 | AJ12: 74 | AK12: 1107,1281,1577 | AL12: 90987-02025|74
B13: 1345 | C13: R-10028 | D13: 14 | E13: Relé multifunción | F13: =VLOOKUP(Productos!C13,PRECIOS!$A$5:$C$1031,3,FALSE) -> 13354 | G13: 0 | H13: 12 | J13: 4 | AG13: 1 | AI13: 4 | AJ13: 74 | AK13: 553 | AL13: 90987-02030|74
B14: 1346 | C14: R-10029 | D14: 14 | E14: Relé multifunción | F14: =VLOOKUP(Productos!C14,PRECIOS!$A$5:$C$1031,3,FALSE) -> 11740 | G14: 0 | H14: 12 | J14: 5 | AG14: 1 | AI14: 4 | AJ14: 74 | AK14: 553 | AL14: 90987-04006|74
B15: 1347 | C15: R-10030 | D15: 14 | E15: Relé multifunción | F15: =VLOOKUP(Productos!C15,PRECIOS!$A$5:$C$1031,3,FALSE) -> 13244 | G15: 0 | H15: 12 | J15: 5 | AG15: 1 | AI15: 4 | AJ15: 74 | AK15: 1880 | AL15: 90987-04010|74
B16: 1348 | C16: R-10032 | D16: 14 | E16: Relé multifunción | F16: =VLOOKUP(Productos!C16,PRECIOS!$A$5:$C$1031,3,FALSE) -> 13208 | G16: 0 | H16: 12 | J16: 4 | AG16: 1 | AI16: 4 | AJ16: 74 | AK16: 1712 | AL16: 90987-T2002|74
B17: 1349 | C17: R-10033 | D17: 14 | E17: Relé multifunción | F17: =VLOOKUP(Productos!C17,PRECIOS!$A$5:$C$1031,3,FALSE) -> 13244 | G17: 0 | H17: 12 | J17: 5 | AG17: 1 | AI17: 4 | AJ17: 74 | AK17: 1452 | AL17: 90987-T2003|74
B18: 1333 | C18: R-10061 | D18: 14 | E18: Relé multifunción | F18: =VLOOKUP(Productos!C18,PRECIOS!$A$5:$C$1031,3,FALSE) -> 13464 | G18: 0 | H18: 12 | J18: 4 | AG18: 1 | AI18: 4 | AJ18: 51 | AK18: 1906,1907 | AL18: A0025422619|51
B19: 1351 | C19: RGC-9181 | D19: 14 | E19: Relay con sensor de carga para batería auxiliar | F19: =VLOOKUP(Productos!C19,PRECIOS!$A$5:$C$1031,3,FALSE) -> 75208 | G19: 0 | H19: 12 | I19: 120 | J19: 6356 | K19: 1 | AG19: 1 | AI19: 4 | AK19: 350
B20: 1352 | C20: R-9032-R | D20: 16 | E20: Rele de inyección | F20: =VLOOKUP(Productos!C20,PRECIOS!$A$5:$C$1031,3,FALSE) -> 19307 | G20: 0 | H20: 12 | J20: 15 | K20: 1 | AG20: 1 | AI20: 4 | AK20: 167
B21: 1353 | C21: R-10066 | D21: 14 | E21: Relé multifunción | F21: =VLOOKUP(Productos!C21,PRECIOS!$A$5:$C$1031,3,FALSE) -> 12474 | G21: 0 | H21: 12 | I21: 70 | J21: 4 | AG21: 1 | AI21: 4 | AK21: 204,933,1017,1263,1483,1636,1683,1688,1721,1910
B22: 1354 | C22: R-10067 | D22: 14 | E22: Multifunción | F22: =VLOOKUP(Productos!C22,PRECIOS!$A$5:$C$1031,3,FALSE) -> 8714 | G22: 0 | H22: 12 | I22: 20 | J22: 5 | AG22: 1 | AI22: 4 | AJ22: 52 | AK22: 1111,1321,2050,2051 | AL22: 9673062180|52
B23: 1355 | C23: R-10068 | D23: 14 | E23: Multifunción | F23: =VLOOKUP(Productos!C23,PRECIOS!$A$5:$C$1031,3,FALSE) -> 12291 | G23: 0 | H23: 12 | J23: 4 | AG23: 1 | AI23: 4 | AK23: 170
B24: 1356 | C24: R-10070 | D24: 14 | E24: Multifunción | F24: =VLOOKUP(Productos!C24,PRECIOS!$A$5:$C$1031,3,FALSE) -> 17036 | G24: 0 | H24: 12 | J24: 15 | K24: 1 | AG24: 1 | AI24: 4 | AJ24: 187 | AK24: 170,1758 | AL24: 9607540680|187
B25: 1357 | C25: R-10071 | D25: 14 | E25: RELE DE INYECCION | F25: =VLOOKUP(Productos!C25,PRECIOS!$A$5:$C$1031,3,FALSE) -> 21089 | G25: 0 | H25: 12 | J25: 15 | K25: 1 | AG25: 1 | AI25: 4 | AJ25: 52,187 | AK25: 57,173,177,179,1282,1321 | AL25: 9627109680|52,9664883180|52,9627109680|187,9664883180|187
B26: 1358 | C26: R-10072 | D26: 14 | E26: Rele de inyeccion | F26: =VLOOKUP(Productos!C26,PRECIOS!$A$5:$C$1031,3,FALSE) -> 16694 | G26: 0 | H26: 12 | J26: 15 | K26: 1 | AG26: 1 | AI26: 4 | AJ26: 45 | AK26: 70,83,84,86,256,892,1601 | AL26: 46414605|45,77317510|45,7767971|45
B27: 1359 | C27: FMI028095 | D27: 21 | E27: Regulador de voltaje con sensado y lámpara | F27: =VLOOKUP(Productos!C27,PRECIOS!$A$5:$C$1031,3,FALSE) -> 40301 | G27: 0 | H27: 24 | J27: 3 | AG27: 1 | AI27: 6 | AJ27: 45,87,110,116,120 | AK27: 141 | AL27: 504028095 504028095 504065776 504282333 504286394 504349338 5043493381|45,543228c|87,A004T8491 A004TA0591 A004TA0592 A004TA8491 A004TA8492 A004TA8492AM A004TA8494 A4TA0592 A4TA0593 A4TA8492|87,8600399|110,063535255000|116,860706GB 860706GBA 860712GB 860712GBA|120
B28: 1360 | C28: R-10069 | D28: 14 | E28: Multifunción | F28: =VLOOKUP(Productos!C28,PRECIOS!$A$5:$C$1031,3,FALSE) -> 9128 | G28: 0 | H28: 12 | J28: 4 | AG28: 1 | AI28: 4 | AJ28: 187 | AK28: 1908,2051 | AL28: 980792780|187
B29: 1361 | C29: 5003R | D29: 18 | E29: Precalentado diesel micro controlado | F29: =VLOOKUP(Productos!C29,PRECIOS!$A$5:$C$1031,3,FALSE) -> 47464 | G29: 0 | H29: 12 | I29: 60 | J29: 6 | K29: 1 | AG29: 1 | AI29: 4 | AJ29: 52 | AK29: 162,164,166,646,647,1944,1945,1946,1947 | AL29: 5981110|52,9251586780|52
B30: 1362 | C30: 5001R | D30: 18 | E30: Precalentado diesel micro controlado | F30: =VLOOKUP(Productos!C30,PRECIOS!$A$5:$C$1031,3,FALSE) -> 48024 | G30: 0 | H30: 12 | I30: 60 | J30: 6 | K30: 1 | AG30: 1 | AI30: 4 | AJ30: 45 | AK30: 70,71,401,1601,1940 | AL30: 5973754|45,5973757|45,7765674|45,94002142|45
B31: 1363 | C31: 5007R | D31: 18 | E31: Precalentado diesel micro controlado | F31: =VLOOKUP(Productos!C31,PRECIOS!$A$5:$C$1031,3,FALSE) -> 49234 | G31: 0 | H31: 12 | J31: 6 | K31: 1 | AG31: 1 | AI31: 4 | AJ31: 53 | AK31: 188,192,196,337,1948,1949 | AL31: 7700757776|53,7702089784|53
B32: 1364 | C32: B-9102 BI VOLTAJE 12/24V | D32: 17 | E32: BOCINA DE RETROMARCHA 12/24V (BIVOLTAJE) REEMPLAZO DE B-9100 Y B-9101 | F32: 17619 | G32: 0 | H32: 1224 | I32: 170 | K32: 1 | AG32: 1 | AI32: 4,6 | AK32: 362,1336
B33: 1318 | C33: R-10043 | D33: 14 | E33: Fusilera interior | F33: =VLOOKUP(Productos!C33,PRECIOS!$A$5:$C$1031,3,FALSE) -> 9847 | G33: 0 | H33: 12 | AG33: 1 | AI33: 4 | AJ33: 72 | AK33: 489,502,1274,1329,1800 | AL33: 94580702|72
B34: 1303 | C34: FPR1652 | D34: 21 | E34: Regulador de voltaje | F34: =VLOOKUP(Productos!C34,PRECIOS!$A$5:$C$1031,3,FALSE) -> 26766 | G34: 0 | H34: 12 | AG34: 1 | AI34: 4 | AJ34: 109,114,118 | AK34: 197,201,1930 | AL34: UB223|109,092937|114,092982|114,300725|114,300883|114,YH 2606|118
B35: 1304 | C35: FNA321401 | D35: 21 | E35: Regulador de voltaje | F35: =VLOOKUP(Productos!C35,PRECIOS!$A$5:$C$1031,3,FALSE) -> 21102 | G35: 0 | H35: 12 | AG35: 1 | AI35: 4 | AJ35: 127 | AK35: 1336,1928,1931 | AL35: 3214000001|127
B36: 1305 | C36: FPR1925 | D36: 21 | E36: Regulador de voltaje | F36: =VLOOKUP(Productos!C36,PRECIOS!$A$5:$C$1031,3,FALSE) -> 24616 | G36: 0 | H36: 12 | AG36: 1 | AI36: 4 | AJ36: 41,118 | AK36: 194,563,565,1933,1934 | AL36: 5761|,56|41,YH 1925|118,YH 1933|118
A37: MODIFICADO | B37: 1306 | C37: 819 | D37: 16 | E37: Destallador parabrisas | F37: =VLOOKUP(Productos!C37,PRECIOS!$A$5:$C$1031,3,FALSE) -> #N/A | G37: 0 | H37: 12 | J37: 6 | AG37: 1 | AI37: 4 | AJ37: 41,52 | AK37: 54,56,166,592,1055 | AL37: 6555300|41,9753498780|41,6555300|52,9753498780|52,975349880|52
B38: 1307 | C38: T-8504 | D38: 16 | E38: Interfase nivel combustible | F38: =VLOOKUP(Productos!C38,PRECIOS!$A$5:$C$1031,3,FALSE) -> #N/A | G38: 0 | H38: 12 | J38: 5 | AG38: 1 | AI38: 4 | AJ38: 53 | AK38: 195 | AL38: 7702218650|53
B39: 1308 | C39: D-9176 | D39: 15 | E39: Giro - Baliza | F39: =VLOOKUP(Productos!C39,PRECIOS!$A$5:$C$1031,3,FALSE) -> 15445 | G39: 0 | H39: 12 | J39: 3 | AG39: 1 | AI39: 4 | AJ39: 45 | AK39: 83,84 | AL39: 51926128|45
B40: 1309 | C40: 136 | D40: 14 | E40: Luneta térmica - Alzacristales - Aire acondicionado - Faros | F40: =VLOOKUP(Productos!C40,PRECIOS!$A$5:$C$1031,3,FALSE) -> 10309 | G40: 0 | H40: 12 | J40: 4 | AG40: 1 | AI40: 4 | AJ40: 42 | AK40: 1055,1336,1971 | AL40: 123456789012|42
B41: 1310 | C41: R-9181 | D41: 14 | E41: Control del servo | F41: =VLOOKUP(Productos!C41,PRECIOS!$A$5:$C$1031,3,FALSE) -> #N/A | G41: 0 | H41: 12 | AG41: 1 | AI41: 4 | AJ41: 41 | AK41: 167,169,170,173,870,1257 | AL41: 6555|,9620576780|41,9620577280|41,VL|41
B42: 1311 | C42: R-9179 | D42: 14 | E42: Accesorios - Con diodo | F42: =VLOOKUP(Productos!C42,PRECIOS!$A$5:$C$1031,3,FALSE) -> 9495 | G42: 0 | H42: 24 | I42: 25 | J42: 5 | AG42: 1 | AI42: 6 | AJ42: 50,51,53,56 | AK42: 141,202 | AL42: 1172393|50,5006143961|50,A0005455805|51,A0035459805|51,A0045451105|51,A0045456405|51,5006143961|53,5010207197|53,5010306869|53,5010306907|53,21244697|56,4786690|56,9518230|56
B43: 1312 | C43: R-10035 | D43: 14 | E43: Rele Box 0,8 ohms | F43: =VLOOKUP(Productos!C43,PRECIOS!$A$5:$C$1031,3,FALSE) -> 69101 | G43: 0 | H43: 12 | J43: 6 | AG43: 1 | AI43: 4 | AJ43: 53 | AK43: 204,1263,1720,1721,1722,2023 | AL43: 255503792R|53
B44: 1313 | C44: R-10036 | D44: 14 | E44: Relé Box 0,69 ohms | F44: =VLOOKUP(Productos!C44,PRECIOS!$A$5:$C$1031,3,FALSE) -> 68715 | G44: 0 | H44: 12 | J44: 6 | AG44: 1 | AI44: 4 | AJ44: 53 | AK44: 187,546,964,2026,2027,2028 | AL44: 255507326R|53,255508124R|53
B45: 1314 | C45: R-10037 | D45: 14 | E45: Relé Box motoventilador 0.8 ohms | F45: =VLOOKUP(Productos!C45,PRECIOS!$A$5:$C$1031,3,FALSE) -> 81842 | G45: 0 | H45: 12 | J45: 6 | AG45: 1 | AI45: 4 | AJ45: 163,187 | AK45: 57,630,1321,1908,2029,2030,2031,2032,2033,2034 | AL45: 9829220580|163,9649247680|187,9673999980|187
B46: 1315 | C46: R-10038 | D46: 14 | E46: Relé Box 0.4 ohms | F46: =VLOOKUP(Productos!C46,PRECIOS!$A$5:$C$1031,3,FALSE) -> 69149 | G46: 0 | H46: 12 | J46: 6 | AG46: 1 | AI46: 4 | AJ46: 163,187 | AK46: 173,177,1283,1321,2034,2035,2036,2037,2038,2039,2041,2042,2043,2044,2045,2046,2047,2048,2049 | AL46: 9662872380|163,9658508980|187,9673999880|187,9830143880|187
B47: 1316 | C47: R-10041 | D47: 14 | E47: Multifunción | F47: =VLOOKUP(Productos!C47,PRECIOS!$A$5:$C$1031,3,FALSE) -> 8779 | G47: 0 | H47: 12 | I47: 25 | AG47: 1 | AI47: 4 | AJ47: 72 | AK47: 460,1388,1389,1706,1707,2007,2008 | AL47: 1207786|72,15328867|72,5269988AA|72
B48: 1317 | C48: R-10042 | D48: 14 | E48: Multifunción | F48: =VLOOKUP(Productos!C48,PRECIOS!$A$5:$C$1031,3,FALSE) -> 9846 | G48: 0 | H48: 12 | J48: 4 | AG48: 1 | AI48: 4 | AJ48: 72 | AK48: 460,1388,1389,1706,1707,2007 | AL48: 120888567|72,12135170|72,13361776|72,15328866|72
B49: 1332 | C49: R-10060 | D49: 14 | E49: Relé multifunción | F49: =VLOOKUP(Productos!C49,PRECIOS!$A$5:$C$1031,3,FALSE) -> 9870 | G49: 0 | H49: 12 | J49: 4 | AG49: 1 | AI49: 4 | AJ49: 47 | AK49: 455,502,1329,1706,1707,1708,1709 | AL49: 96484304|47
B50: 1319 | C50: R-10044 | D50: 14 | E50: Bomba de combustible, multifunción con resistor | F50: =VLOOKUP(Productos!C50,PRECIOS!$A$5:$C$1031,3,FALSE) -> 9144 | G50: 0 | H50: 12 | I50: 40 | J50: 4 | AG50: 1 | AI50: 4 | AJ50: 72 | AK50: 1706,1707 | AL50: 120002967|72,120007826|72,1238621|72,13171831|72,13500118|72,24438887|72,93236204|72
B51: 1320 | C51: R-10045 | D51: 14 | E51: Relé multifunción | F51: =VLOOKUP(Productos!C51,PRECIOS!$A$5:$C$1031,3,FALSE) -> 9813 | G51: 0 | H51: 12 | I51: 4030 | J51: 5 | AG51: 1 | AI51: 4 | AJ51: 47,72 | AK51: 1706,1707 | AL51: 90191753|47,90491314|47,90941314|47,91144253|47,120007827|72,12033862|72
B52: 1321 | C52: R-10046 | D52: 14 | E52: Relé multifunción | F52: =VLOOKUP(Productos!C52,PRECIOS!$A$5:$C$1031,3,FALSE) -> 13024 | G52: 0 | H52: 12 | J52: 4 | AG52: 1 | AI52: 4 | AJ52: 47 | AK52: 125,1348,1351,1412,1706 | AL52: 13500120|47
B53: 1322 | C53: R-10047 | D53: 14 | E53: Relé multifunción, bocina, ignición, precalentamiento, arranque | F53: =VLOOKUP(Productos!C53,PRECIOS!$A$5:$C$1031,3,FALSE) -> 10163 | G53: 0 | H53: 12 | J53: 5 | AG53: 1 | AI53: 4 | AJ53: 47 | AK53: 1708 | AL53: 13502674|47
B54: 1323 | C54: T-10048 | D54: 14 | E54: Temporizador de luces, aviso de olvido de luces encendidas | F54: =VLOOKUP(Productos!C54,PRECIOS!$A$5:$C$1031,3,FALSE) -> 20120 | G54: 0 | H54: 12 | J54: 3 | AG54: 1 | AI54: 4 | AJ54: 46 | AK54: 113,242,414,1595 | AL54: T71919305/2SA919305/3259194371|46
B55: 1324 | C55: D-10049 | D55: 15 | E55: Destellardor | F55: =VLOOKUP(Productos!C55,PRECIOS!$A$5:$C$1031,3,FALSE) -> 18234 | G55: 0 | H55: 12 | J55: 3 | AG55: 1 | AI55: 4 | AJ55: 46,47 | AK55: 490,1387 | AL55: 01050711|46,96312545|47
B56: 1325 | C56: R-10052 | D56: 14 | E56: Relé multifunción | F56: =VLOOKUP(Productos!C56,PRECIOS!$A$5:$C$1031,3,FALSE) -> 10052 | G56: 0 | H56: 12 | J56: 4 | AG56: 1 | AI56: 4 | AJ56: 55 | AK56: 217,231,1209,1716,1717 | AL56: 1K0 951 253|55
B57: 1326 | C57: R-10053 | D57: 14 | E57: Relé comando | F57: =VLOOKUP(Productos!C57,PRECIOS!$A$5:$C$1031,3,FALSE) -> 12291 | G57: 0 | H57: 12 | J57: 5 | AG57: 1 | AI57: 4 | AJ57: 55 | AK57: 1716 | AL57: 357927843A|55
B58: 1327 | C58: R-10054 | D58: 14 | E58: Relé multifunción | F58: =VLOOKUP(Productos!C58,PRECIOS!$A$5:$C$1031,3,FALSE) -> 9233 | G58: 0 | H58: 12 | J58: 4 | AG58: 1 | AI58: 4 | AJ58: 55 | AK58: 217,1209,1583,1714 | AL58: 4H0 951253A|55
B59: 1328 | C59: R-10055 | D59: 14 | E59: Relé multifunción | F59: =VLOOKUP(Productos!C59,PRECIOS!$A$5:$C$1031,3,FALSE) -> 9905 | G59: 0 | H59: 12 | J59: 5 | AG59: 1 | AI59: 4 | AJ59: 55 | AK59: 217,1209,1714,1901 | AL59: 4H0951253C|55,7M0951253C|55,8X0951253A|55,8Z0951253|55
B60: 1329 | C60: R-10056 | D60: 14 | E60: Relé multifunción | F60: =VLOOKUP(Productos!C60,PRECIOS!$A$5:$C$1031,3,FALSE) -> 8989 | G60: 0 | H60: 12 | J60: 4 | AG60: 1 | AI60: 4 | AJ60: 53 | AK60: 189,1263 | AL60: 8200338 695|53
B61: 1330 | C61: R-10057 | D61: 14 | E61: Relé multifunción | F61: =VLOOKUP(Productos!C61,PRECIOS!$A$5:$C$1031,3,FALSE) -> 9539 | G61: 0 | H61: 12 | J61: 4 | AG61: 1 | AI61: 4 | AJ61: 53 | AK61: 189,1263 | AL61: 8200755081|53
B62: 1331 | C62: R-10058 | D62: 14 | E62: Relé multifunción | F62: =VLOOKUP(Productos!C62,PRECIOS!$A$5:$C$1031,3,FALSE) -> 10640 | G62: 0 | H62: 12 | J62: 4 | AG62: 1 | AI62: 4 | AJ62: 53 | AK62: 1263,1720,1721 | AL62: 8200766093|53
B63: 11 | C63: R-8130 | D63: 14 | E63: Simple Salida - Tipo A | F63: =VLOOKUP(Productos!C63,PRECIOS!$A$5:$C$1031,3,FALSE) -> 8836 | G63: 0 | H63: 12 | I63: 30 | J63: 4 | K63: 1 | AG63: 1 | AI63: 4 | AK63: 2017
B64: 12 | C64: R-8131 | D64: 14 | E64: Simple salida tipo A | F64: =VLOOKUP(Productos!C64,PRECIOS!$A$5:$C$1031,3,FALSE) -> 8856 | G64: 0 | H64: 12 | I64: 30 | J64: 4 | AG64: 1 | AI64: 4 | AK64: 2017
B65: 13 | C65: 211E | D65: 15 | E65: Alternativo - Carga (2/4) x 21W | F65: =VLOOKUP(Productos!C65,PRECIOS!$A$5:$C$1031,3,FALSE) -> 17123 | G65: 0 | H65: 12 | J65: 3 | K65: 1 | AG65: 1 | AI65: 4 | AJ65: 40 | AK65: 268 | AL65: Universal|40
B66: 14 | C66: 222E | D66: 15 | E66: Balizador - Destellador - Carga: (2/4) x 21W | F66: =VLOOKUP(Productos!C66,PRECIOS!$A$5:$C$1031,3,FALSE) -> 16447 | G66: 0 | H66: 12 | J66: 2 | K66: 1 | AG66: 1 | AI66: 4,5 | AJ66: 40 | AK66: 268 | AL66: Universal|40
B67: 15 | C67: 224E | D67: 15 | E67: Alternativo - Carga: (2/4) X 21W | F67: =VLOOKUP(Productos!C67,PRECIOS!$A$5:$C$1031,3,FALSE) -> 17621 | G67: 0 | H67: 24 | J67: 3 | K67: 1 | AG67: 1 | AI67: 4 | AJ67: 40 | AK67: 268 | AL67: Universal|40
B68: 16 | C68: 266E | D68: 15 | E68: Balizador -Destellador Carga: (2/4) X 21W | F68: =VLOOKUP(Productos!C68,PRECIOS!$A$5:$C$1031,3,FALSE) -> 17584 | G68: 0 | H68: 24 | J68: 3 | K68: 1 | AG68: 1 | AI68: 4 | AJ68: 40 | AK68: 268 | AL68: Universal|40
B69: 17 | C69: 244E | D69: 15 | E69: Balizador -Destellador Carga: (2/4) X 21W | F69: =VLOOKUP(Productos!C69,PRECIOS!$A$5:$C$1031,3,FALSE) -> 16764 | G69: 0 | H69: 12 | J69: 3 | K69: 1 | AG69: 1 | AI69: 4,5 | AJ69: 40 | AK69: 268 | AL69: Universal|40
B70: 18 | C70: 282 | D70: 15 | E70: Viraje - Emergencia -Baliza - Carga: Capacidad hasta 8/10 lámparas | F70: =VLOOKUP(Productos!C70,PRECIOS!$A$5:$C$1031,3,FALSE) -> 18197 | G70: 0 | H70: 12 | J70: 2 | K70: 1 | AG70: 1 | AI70: 4 | AK70: 289
B71: 19 | C71: 284 | D71: 15 | E71: Viraje - Emergencia - Baliza Carga: Capacidad hasta 8/10 Lámparas | F71: =VLOOKUP(Productos!C71,PRECIOS!$A$5:$C$1031,3,FALSE) -> 18270 | G71: 0 | H71: 12 | J71: 3 | K71: 1 | AG71: 1 | AI71: 4 | AK71: 289
B72: 20 | C72: 285 | D72: 15 | E72: Viraje / Emergencia /Baliza - Carga: Capacidad hasta 8/10 Lámparas | F72: =VLOOKUP(Productos!C72,PRECIOS!$A$5:$C$1031,3,FALSE) -> 17606 | G72: 0 | H72: 24 | J72: 3 | K72: 1 | AG72: 1 | AI72: 4 | AK72: 289
B73: 21 | C73: 291 | D73: 15 | E73: Viraje / Emergencia / Alternativo - Carga: Capacidad hasta 8/10 lámparas | F73: =VLOOKUP(Productos!C73,PRECIOS!$A$5:$C$1031,3,FALSE) -> 17584 | G73: 0 | H73: 12 | J73: 3 | K73: 1 | AG73: 1 | AI73: 4 | AK73: 289
B74: 22 | C74: 292 | D74: 15 | E74: Viraje - Emergencia - Alternativo / Carga: Capacidad hasta 8/10 Lámparas | F74: =VLOOKUP(Productos!C74,PRECIOS!$A$5:$C$1031,3,FALSE) -> 20655 | G74: 0 | H74: 24 | J74: 3 | K74: 1 | AG74: 1 | AI74: 4 | AK74: 289
B75: 23 | C75: D-8814 | D75: 15 | E75: Destellador Carga: (2+2) X 21W | F75: =VLOOKUP(Productos!C75,PRECIOS!$A$5:$C$1031,3,FALSE) -> 16326 | G75: 0 | H75: 12 | J75: 3 | K75: 1 | AG75: 1 | AI75: 4 | AK75: 304
B76: 24 | C76: D-8817 | D76: 15 | E76: Destellador Carga: (2+2) X 21W | F76: =VLOOKUP(Productos!C76,PRECIOS!$A$5:$C$1031,3,FALSE) -> 15335 | G76: 0 | H76: 12 | J76: 3 | AG76: 1 | AI76: 4 | AK76: 304
B77: 25 | C77: D-8233 | D77: 15 | E77: Destellador Carga: (2+2) X 21W | F77: =VLOOKUP(Productos!C77,PRECIOS!$A$5:$C$1031,3,FALSE) -> 17281 | G77: 0 | H77: 24 | J77: 3 | AG77: 1 | AI77: 4 | AK77: 304
B78: 26 | C78: D-8234 | D78: 15 | E78: Destellador - Carga: (2+2) X 21W | F78: =VLOOKUP(Productos!C78,PRECIOS!$A$5:$C$1031,3,FALSE) -> 19875 | G78: 0 | H78: 24 | J78: 3 | AG78: 1 | AI78: 4 | AK78: 304
B79: 27 | C79: D-8175 | D79: 15 | E79: Destellador Carga: (2+2) X 21W | F79: =VLOOKUP(Productos!C79,PRECIOS!$A$5:$C$1031,3,FALSE) -> 18965 | G79: 0 | H79: 12 | J79: 4 | K79: 1 | AG79: 1 | AI79: 4 | AK79: 304
B80: 28 | C80: D-8177 | D80: 15 | E80: Destellador Carga: (2+2) X 21W | F80: =VLOOKUP(Productos!C80,PRECIOS!$A$5:$C$1031,3,FALSE) -> 17874 | G80: 0 | H80: 12 | J80: 4 | AG80: 1 | AI80: 4 | AK80: 304
B81: 29 | C81: D-8815 | D81: 15 | E81: Destellador Carga: (2+2) X 21W | F81: =VLOOKUP(Productos!C81,PRECIOS!$A$5:$C$1031,3,FALSE) -> 16417 | G81: 0 | H81: 12 | J81: 4 | K81: 1 | AG81: 1 | AI81: 4 | AK81: 304
B82: 30 | C82: D-8818 | D82: 15 | E82: Destellador Carga: (2+2) X 21W | F82: =VLOOKUP(Productos!C82,PRECIOS!$A$5:$C$1031,3,FALSE) -> 15959 | G82: 0 | H82: 12 | J82: 4 | AG82: 1 | AI82: 4 | AK82: 304
A83: idiscontnuado | B83: 31 | C83: D-8241 | D83: 15 | E83: Destellador Carga: (2+2) X 21W | F83: =VLOOKUP(Productos!C83,PRECIOS!$A$5:$C$1031,3,FALSE) -> #N/A | G83: 0 | H83: 24 | J83: 4 | K83: 1 | AG83: 1 | AI83: 4 | AK83: 304
B84: 32 | C84: D-8242 | D84: 15 | E84: Destellador Carga: (2+2) X 21W | F84: =VLOOKUP(Productos!C84,PRECIOS!$A$5:$C$1031,3,FALSE) -> 19253 | G84: 0 | H84: 24 | J84: 4 | AG84: 1 | AI84: 4 | AK84: 304
B85: 33 | C85: D-8176 | D85: 15 | E85: Destellador Carga: (2+2) X 21W | F85: =VLOOKUP(Productos!C85,PRECIOS!$A$5:$C$1031,3,FALSE) -> 21127 | G85: 0 | H85: 24 | J85: 4 | K85: 1 | AG85: 1 | AI85: 4 | AK85: 304
B86: 34 | C86: D-8179 | D86: 15 | E86: Destellador Carga: (2+2) X 21W | F86: =VLOOKUP(Productos!C86,PRECIOS!$A$5:$C$1031,3,FALSE) -> 19664 | G86: 0 | H86: 24 | J86: 4 | AG86: 1 | AI86: 4 | AK86: 304
B87: 35 | C87: D-8444 | D87: 15 | E87: Destellador - Balizador | F87: =VLOOKUP(Productos!C87,PRECIOS!$A$5:$C$1031,3,FALSE) -> 15775 | G87: 0 | H87: 12 | J87: 3 | AG87: 1 | AI87: 4 | AJ87: 41,45,46,51,52,56,154 | AK87: 54,55,57,58,165,167,592,1758,2006 | AL87: 6323240|41,9563533980|41,4476337|45,50001451|45,50001457|45,51880855|45,7573490|45,7789496|45,7866774|45,82430021|45,01035579|46,01037955|46,01631494|46,04078559|46,04162892|46,05020137|46,06048781|46,06061005|46,06126024|46,0613250|46,06822556|46,06822566|46,07203386|46,A0025445432|51,6323240|52,95 635 339 80|52,9563533980|52,1215737|56,1235232|56,1259615|56,1307066|56,3279419|56,111941521|154,1119415212|154,111953227|154,1119532272|154,111953227A|154,111953227B|154,111953227D|154,111953227Q|154,11219531831|154,1138532272|154,1139532271|154,113953271|154
B88: 37 | C88: 271 | D88: 15 | E88: Destellador - Balizador | F88: =VLOOKUP(Productos!C88,PRECIOS!$A$5:$C$1031,3,FALSE) -> 15812 | G88: 0 | H88: 12 | J88: 4 | AG88: 1 | AI88: 4 | AJ88: 41,45,46,52,53,129,203 | AK88: 70,73,75,166,256 | AL88: 9253194280|41,50001451|45,50001820|45,50014510|45,5942627|45,7518867|45,75197170|45,7595406|45,94002192|45,78GG13650AA|46,9253194280|52,94002192|52,7700638976|53,7702212531|53,4DB007218-001|129,U008i|203
B89: 38 | C89: 287 | D89: 15 | E89: Destellador - Balizador | F89: =VLOOKUP(Productos!C89,PRECIOS!$A$5:$C$1031,3,FALSE) -> 16384 | G89: 0 | H89: 12 | J89: 4 | K89: 1 | AG89: 1 | AI89: 4 | AJ89: 45,52 | AK89: 65,71,72,74,168,241 | AL89: 94002973|45,94002973|52
B90: 39 | C90: 295 | D90: 15 | E90: Destellador - Balizador | F90: =VLOOKUP(Productos!C90,PRECIOS!$A$5:$C$1031,3,FALSE) -> 16086 | G90: 0 | H90: 12 | J90: 4 | AG90: 1 | AI90: 4 | AJ90: 45 | AK90: 71,82,241 | AL90: 94002313|45
B91: 40 | C91: 296 | D91: 15 | E91: Balizador | F91: =VLOOKUP(Productos!C91,PRECIOS!$A$5:$C$1031,3,FALSE) -> 28061 | G91: 0 | H91: 12 | J91: 5 | K91: 1 | AG91: 1 | AI91: 4 | AJ91: 45,52 | AK91: 65,162 | AL91: 94003203|45,6323606|52,94003203|52
B92: 41 | C92: 297 | D92: 15 | E92: Destellador | F92: =VLOOKUP(Productos!C92,PRECIOS!$A$5:$C$1031,3,FALSE) -> 16586 | G92: 0 | H92: 12 | J92: 4 | K92: 1 | AG92: 1 | AI92: 4 | AJ92: 45,52 | AK92: 65,72,74,162,168,241 | AL92: 94002973|45,6323077|52,94002973|52
B93: 42 | C93: D-8418 | D93: 15 | E93: Destellador | F93: =VLOOKUP(Productos!C93,PRECIOS!$A$5:$C$1031,3,FALSE) -> 16215 | G93: 0 | H93: 12 | J93: 3 | AG93: 1 | AI93: 4 | AJ93: 45,46,54,56,74,79,90,154,203 | AK93: 70,75,78,83,84,85,86,87,91,101,109,256,329,1903 | AL93: 50001451|45,7573490|45,7866774|45,94005099|45,78GG13650AA|46,86AU13350AA|46,B82R- 057700- AA|46,8583627|54,1215737|56,1235232|56,1259615|56,1307066|56,3279419|56,81990474BO|74,38610G78303|79,38610H78303|79,111923227D|90,111941521|154,1119415212|154,111953227|154,1119532272|154,111953227A|154,111953227B|154,111953227D|154,111953227Q|154,1121953183|154,1138532272|154,1139532271|154,113953271|154,11953227D|154,191953227|154,191953227A|154,191953227D|154,1H0953227|154,219531831|154,2R0953231|154,2RD953231|154,311941583|154,535953123|154,5Z9953227|154,6U0953227|154,803953183B|154,TJG953227|154,TJG957503|154,ZBC953227|154,U022|203,U022S|203
B94: 43 | C94: 270 | D94: 15 | E94: Destellador - Balizador | F94: =VLOOKUP(Productos!C94,PRECIOS!$A$5:$C$1031,3,FALSE) -> 16302 | G94: 0 | H94: 12 | J94: 3 | K94: 1 | AG94: 1 | AI94: 4 | AJ94: 46 | AK94: 100,242,243,244 | AL94: 83BG13350AA|46
B95: 44 | C95: 278 | D95: 15 | E95: Destellador -Balizador | F95: =VLOOKUP(Productos!C95,PRECIOS!$A$5:$C$1031,3,FALSE) -> 16582 | G95: 0 | H95: 12 | J95: 3 | AG95: 1 | AI95: 4 | AJ95: 46,56,70,114,154 | AK95: 101,103,104,110,112,113,209,211,222,231,332,948,1152,1610,1704,2005 | AL95: 85GG13350AA|46,1215737|56,1259615|56,1307066|56,3279419|56,111941521|70,1119415212|70,803953183B|70,1235232|114,111953227|154,1119532272|154,111953227A|154,111953227B|154,111953227D|154,111953227Q|154,11219531831|154,5Z9953227|154,ZBC953227|154
B96: 45 | C96: 281 | D96: 15 | E96: Destellador -Balizador | F96: =VLOOKUP(Productos!C96,PRECIOS!$A$5:$C$1031,3,FALSE) -> 16289 | G96: 0 | H96: 12 | J96: 3 | AG96: 1 | AI96: 4 | AJ96: 41,42,46,47,55,56,70,74,203 | AK96: 85,86,88,118,120,121,208,209,211,216,225,226,242,243,244,247,248,330,1150,1224 | AL96: 9563533980|41,111941521|42,311941583|42,5Z9953227|42,803953183B|42,TJG953227|42,TJG957503|42,ZBC953227|42,786613350AA|46,TJG 953 227|46,93203241|47,1H0953227|55,ZAE953227C|55,1215737|56,1235232|56,1259615|56,1307066|56,3279419|56,1119415212|70,1119532272|70,111953227A|70,111953227B|70,111953227D|70,111953227Q|70,11219531831|70,1138532272|70,1139532271|70,11953227D|70,1H0953227|70,219531831|70,2R0953231|70,2RD953231|70,535953123|70,81990474BO|74,U022|203,U022S|203
B97: 46 | C97: D-8555 | D97: 15 | E97: Destellador -Balizador | F97: =VLOOKUP(Productos!C97,PRECIOS!$A$5:$C$1031,3,FALSE) -> 16215 | G97: 0 | H97: 12 | J97: 3 | AG97: 1 | AI97: 4 | AJ97: 46,51,55,56,74,79,90,113,154,203 | AK97: 104,208,209,216,217,219,225,226,229,230,231,330 | AL97: ZBC9532271|46,008210963|51,0195450232|51,1119532271|55,ZAE953227B|55,ZBC953227|55,1215737|56,1235232|56,1259615|56,1307066|56,3279419|56,81990474BO|74,8199098001|74,38610G78303|79,111923227D|90,25730-16B00|113,111941521|154,1119415212|154,111953227|154,1119532272|154,111953227A|154,111953227B|154,111953227D|154,U020|203,U020S|203
B98: 47 | C98: D-8557 | D98: 15 | E98: Destellador -Balizador | F98: =VLOOKUP(Productos!C98,PRECIOS!$A$5:$C$1031,3,FALSE) -> 17390 | G98: 0 | H98: 12 | J98: 3 | AG98: 1 | AI98: 4 | AJ98: 46 | AK98: 101,102,103,112,115 | AL98: 93AG13350AB|46
B99: 48 | C99: D-8559 | D99: 15 | E99: Destellador - Balizador | F99: =VLOOKUP(Productos!C99,PRECIOS!$A$5:$C$1031,3,FALSE) -> 18197 | G99: 0 | H99: 12 | J99: 3 | AG99: 1 | AI99: 4 | AJ99: 46,55 | AK99: 101,110,209,211,215,219,230,231,331,332,333 | AL99: 111953227D|46,111953227A|55,111953227D|55,3059532271|55
B100: 49 | C100: 256 | D100: 15 | E100: Destellador | F100: =VLOOKUP(Productos!C100,PRECIOS!$A$5:$C$1031,3,FALSE) -> 16529 | G100: 0 | H100: 12 | J100: 2 | AG100: 1 | AI100: 4 | AJ100: 47 | AK100: 246 | AL100: 97060250|47
...

Sheet PRECIOS
A1: RALUX SAIC
A2: LISTA DE PRECIOS Nº 267
A4: ART | C4: LISTA
A5: 103 | B5: REL001-103 | C5: 20617
A6: 104 | B6: REL002-104 | C6: 19431
A7: 106 | B7: REL003-106 | C7: 20311
A8: 107 | B8: REL004-107 | C8: 21380
A9: 109 | B9: REL005-109 | C9: 22831
A10: 110 | B10: REL006-110 | C10: 22258
A11: 111 | B11: REL007-111 | C11: 22300
A12: 112 | B12: REL008-112 | C12: 22986
A13: 113 | B13: REL245-113 | C13: 24687
A14: 128 | B14: REL250-128 | C14: 10434
A15: 129 | B15: REL247-129 | C15: 10750
A16: 130 | B16: REL010-130 | C16: 10382
... A29: 144 | B29: REL023-144 | C29: 9593
A30: 149R | B30: REL045-149R | C30: 4974
A31: 152 | B31: REL024-152 | C31: 9711
A32: 153 | B32: REL251-153 | C32: 9495
A33: 156 | B33: REL025-156 | C33: 8003
A34: 157PLUS | B34: REL046-157PLUS | C34: 4733
A35: 158 | B35: REL026-158 | C35: 5982
A36: 160/60 | B36: REL047-160/60 | C36: 6530
A37: 161 | B37: REL027-161 | C37: 9290
A38: 162 | B38: REL028-162 | C38: 9502
A39: 163 | B39: REL029-163 | C39: 9847
A40: 164 | B40: REL030-164 | C40: 8924
A41: 165 | B41: REL031-165 | C41: 7702
A42: 166 | B42: REL032-166 | C42: 9847
A43: 168R | B43: REL048-168R | C43: 6567
A44: 170R | B44: REL049-170R | C44: 7199
A45: 173 | B45: REL033-173 | C45: 5980
A46: 174 | B46: REL034-174 | C46: 8864
A47: 177 | B47: REL035-177 | C47: 8968
A48: 178 | B48: REL036-178 | C48: 9846
A49: 184 | B49: REL037-184 | C49: 11869
A50: 185 | B50: REL038-185 | C50: 8298
A51: 186 | B51: REL039-186 | C51: 9686
A52: 188 | B52: REL040-188 | C52: 9145
A53: 189 | B53: REL041-189 | C53: 9846
A54: 196 | B54: REL042-196 | C54: 9148
A55: 197 | B55: REL043-197 | C55: 9281
A56: 199 | B56: REL044-199 | C56: 10273
A57: 211E | B57: DES033-211E | C57: 17123
A58: 222E | B58: DES034-222E | C58: 16447
A59: 222M | B59: DES035-222M | C59: 5697
A60: 224E | B60: DES036-224E | C60: 17621
A61: 244E | B61: DES037-244E | C61: 16764
A62: M-8759 | B62: MOD001-M-8759 | C62: 58025
A63: M-8760 | B63: MOD002-M-8760 | C63: 52739
A64: M-8761 | B64: MOD003-M-8761 | C64: 40301
A65: M-8762 | B65: MOD004-M-8762 | C65: 53337
A66: M-8763 | B66: MOD005-M-8763 | C66: 59784
A67: M-8764 | B67: MOD006-M-8764 | C67: 58025
A68: M-8766 | B68: MOD007-M-8766 | C68: 73850
... A232: 244M | B232: DES038-244M | C232: 5803
A233: 253 | B233: DES001-253 | C233: 16288
A234: 256 | B234: DES002-256 | C234: 16529
A235: 257 | B235: DES003-257 | C235: 16529
A236: 266E | B236: DES039-266E | C236: 17584
A237: 270 | B237: DES004-270 | C237: 16302
A238: 271 | B238: DES005-271 | C238: 15812
A239: 272 | B239: DES006-272 | C239: 16215
A240: 273 | B240: DES007-273 | C240: 15498
A241: 274 | B241: DES008-274 | C241: 15466
A242: 275 | B242: DES009-275 | C242: 15629
A243: 276 | B243: DES010-276 | C243: 15629
A244: 277 | B244: DES011-277 | C244: 16175
A245: 278 | B245: DES012-278 | C245: 16582
A246: 279 | B246: DES013-279 | C246: 19124
A247: 280 | B247: DES014-280 | C247: 17317
A248: 281 | B248: DES015-281 | C248: 16289
... A288: 826 | B288: TEM009-826 | C288: 15863
A289: R-8860 | B289: REL193-R-8860 | C289: 8793
A290: R-8861 | B290: REL194-R-8861 | C290: 8862
A291: R-8862 | B291: REL195-R-8862 | C291: 8160
A292: R-8864 | B292: REL196-R-8864 | C292: 7736
A293: T-8865-R | B293: PRE021-T-8865-R | C293: 59784
A294: T-8866-R | B294: PRE022-T-8866-R | C294: 59784
A295: T-8867 | B295: PRE023-T-8867 | C295: 58024
A296: D-8910 | B296: DES071-D-8910 | C296: 28134
A297: M-8912 | B297: MOD018-M-8912 | C297: 54561
A298: M-8913 | B298: MOD019-M-8913 | C298: 77366
A299: M-8914 | B299: MOD020-M-8914 | C299: 70334
A300: M-8915 | B300: MOD021-M-8915 | C300: 74791
... A356: G-91435 | B356: BOB059-G-91435 | C356: 35237
B357: #N/A
A358: G-91437 | B358: BOB061-G-91437 | C358: 56263
A359: G-91438 | B359: BOB062-G-91438 | C359: 63300
A360: G-91439 | B360: BOB063-G-91439 | C360: 105479
A361: G-91440 | B361: BOB064-G-91440 | C361: 56232
A362: G-91441 | B362: BOB065-G-91441 | C362: 112569
A363: G-91443 | B363: BOB066-G-91443 | C363: 42306
A364: G-91445 | B364: BOB067-G-91445 | C364: 54860
A365: G-91446 | B365: BOB068-G-91446 | C365: 57965
A366: G-91451 | B366: BOB069-G-91451 | C366: 158166
A367: G-91454 | B367: BOB070-G-91454 | C367: 140843
A368: G-91455 | B368: BOB071-G-91455 | C368: 61267
A369: G-91461 | B369: BOB072-G-91461 | C369: 75574
... A456: BECB008 | B456: BOM004-BECB008 | C456: 67720
...

Sheet Ref - Vehiculo Tipos
A1: id | B1: descripcion_es
A2: 4 | B2: Automovil
A3: 5 | B3: Motos
A4: 6 | B4: Camion
A5: 7 | B5: Tractor
A6: 8 | B6: Furgon
A7: 10 | B7: Camioneta
A8: 11 | B8: Colectivos
A9: 13 | B9: Nielson
A10: 14 | B10: Man

Sheet Ref - Marcas
A1: id | B1: descripcion_es | C1: vehiculo_tipo_id | D1: vehiculo_tipo
A2: 59
A3: 60
A4: 61
A5: 63
A6: 73
A7: 76
A8: 81
A9: 117
A10: 135
A11: 138
A12: 140
A13: 141
A14: 142
A15: 134 | B15: -
A16: 166 | B16: Acura
A17: 205 | B17: Agco
A18: 164 | B18: Agrale
A19: 176 | B19: Airtex
A20: 69 | B20: Alfa-Romeo
A21: 130 | B21: Argelite
A22: 70 | B22: Audi
A23: 137 | B23: Beru
A24: 42 | B24: BMW
A25: 107 | B25: Bosch
A26: 152 | B26: Bougicord
... A163: 195 | B163: Zanello

Sheet Ref - Modelos
A1: id | B1: descripcion_es | C1: marca_id | D1: marca
A2: 1720 | B2: Logan (nuevo) | C2: 53 | D2: Renault
A3: 1580 | B3: - | C3: 90 | D3: Porsche
A4: 1581 | B4: - | C4: 42 | D4: BMW
A5: 1582 | B5: - | C5: 70 | D5: Audi
A6: 1583 | B6: - | C6: 55 | D6: Volkswagen
A7: 1584 | B7: - | C7: 56 | D7: Volvo
A8: 1593 | B8: - | C8: 51 | D8: Mercedes Benz
A9: 1601 | B9: - | C9: 45 | D9: Fiat
A10: 1608 | B10: - | C10: 113 | D10: Nissan
A11: 1637 | B11: - | C11: 157 | D11: Hyundai
A12: 1638 | B12: - | C12: 175 | D12: KIA
A13: 1645 | B13: - | C13: 74 | D13: Toyota
... A25: 1502 | B25: 1.8, 2.0 | C25: 78 | D25: Daewoo
A26: 425 | B26: 10 | C26: 72 | D26: Chevrolet
A27: 766 | B27: 100-PT-50 | C27: 97 | D27: Siambreta
A28: 577 | B28: 1000 | C28: 86 | D28: Dodge
A29: 170 | B29: 106 | C29: 52 | D29: Peugeot
A30: 270 | B30: 106 1.5 | C30: 52 | D30: Peugeot
A31: 1761 | B31: 106 16V Motor TUS14 | C31: 52 | D31: Peugeot
A32: 1926 | B32: 1075 | C32: 65 | D32: Massey-Ferguson
A33: 388 | B33: 1075 | C33: 67 | D33: Ferguson
A34: 793 | B34: 110-Swing-RR | C34: 99 | D34: Zanella
A35: 63 | B35: 1100 | C35: 45 | D35: Fiat
A36: 392 | B36: 1112 | C36: 51 | D36: Mercedes Benz
A37: 393 | B37: 1114 | C37: 51 | D37: Mercedes Benz
A38: 397 | B38: 113 | C38: 54 | D38: Scania
A39: 947 | B39: 121 1.2i 16V | C39: 148 | D39: Mazda
A40: 64 | B40: 125 | C40: 45 | D40: Fiat
A41: 824 | B41: 125-Custom | C41: 103 | D41: Motomel
A42: 814 | B42: 125-Luxe- | C42: 101 | D42: Kymco
A43: 815 | B43: 125-Pulsar-CK | C43: 101 | D43: Kymco
A44: 813 | B44: 125-Pulsar-DC | C44: 101 | D44: Kymco
A45: 803 | B45: 125-QM7B | C45: 100 | D45: Gilera
A46: 840 | B46: 125-Spike | C46: 79 | D46: Suzuki
A47: 839 | B47: 125-Spike-R | C47: 79 | D47: Suzuki
A48: 829 | B48: 125-Top | C48: 103 | D48: Motomel
A49: 65 | B49: 128 | C49: 45 | D49: Fiat
A50: 81 | B50: 128-E | C50: 45 | D50: Fiat
A51: 886 | B51: 13 | C51: 138
A52: 1171 | B52: 13 | C52: 69 | D52: Alfa-Romeo
A53: 1180 | B53: 13 | C53: 161 | D53: Lancia
A54: 77 | B54: 133 | C54: 45 | D54: Fiat
A55: 426 | B55: 14 | C55: 72 | D55: Chevrolet
A56: 380 | B56: 1420 | C56: 64 | D56: Jhon Deere
A57: 1172 | B57: 145 | C57: 69 | D57: Alfa-Romeo
A58: 1181 | B58: 145 | C58: 161 | D58: Lancia
A59: 883 | B59: 145 | C59: 138
A60: 884 | B60: 146 | C60: 138
A61: 1173 | B61: 146 | C61: 69 | D61: Alfa-Romeo
A62: 1182 | B62: 146 | C62: 161 | D62: Lancia
A63: 71 | B63: 147 | C63: 45 | D63: Fiat
A64: 1309 | B64: 147 | C64: 69 | D64: Alfa-Romeo
A65: 385 | B65: 150 | C65: 67 | D65: Ferguson
A66: 1923 | B66: 150 | C66: 65 | D66: Massey-Ferguson
A67: 827 | B67: 150-Custom- | C67: 103 | D67: Motomel
A68: 581 | B68: 1500 | C68: 86 | D68: Dodge
A69: 69 | B69: 1500 | C69: 45 | D69: Fiat
A70: 394 | B70: 1517 | C70: 51 | D70: Mercedes Benz
A71: 386 | B71: 155 | C71: 67 | D71: Ferguson
A72: 429 | B72: 155 | C72: 69 | D72: Alfa-Romeo
A73: 1924 | B73: 155 | C73: 65 | D73: Massey-Ferguson
A74: 1174 | B74: 155 | C74: 69 | D74: Alfa-Romeo
A75: 1541 | B75: 155 2.0 16VTS `96►`97 | C75: 69 | D75: Alfa-Romeo
A76: 1175 | B76: 155 2.0i Turbo | C76: 69 | D76: Alfa-Romeo
A77: 1183 | B77: 155-2.0i-Turbo | C77: 161 | D77: Lancia
A78: 882 | B78: 155-20i-Turbo | C78: 138
A79: 1310 | B79: 156 | C79: 69 | D79: Alfa-Romeo
A80: 1424 | B80: 16.18 | C80: 55 | D80: Volkswagen
A81: 1425 | B81: 16.210 c/motor MWM 6.10 | C81: 55 | D81: Volkswagen
A82: 359 | B82: 1600 | C82: 45 | D82: Fiat
A83: 1027 | B83: 164 | C83: 69 | D83: Alfa-Romeo
A84: 1594 | B84: 164 `89►92 | C84: 69 | D84: Alfa-Romeo
A85: 387 | B85: 165 | C85: 67 | D85: Ferguson
A86: 1925 | B86: 165 | C86: 65 | D86: Massey-Ferguson
A87: 1311 | B87: 166 | C87: 69 | D87: Alfa-Romeo
A88: 420 | B88: 180-D | C88: 51 | D88: Mercedes Benz
A89: 925 | B89: 19-GTI | C89: 41 | D89: Citroen
A90: 271 | B90: 190 | C90: 51 | D90: Mercedes Benz
A91: 598 | B91: 190E | C91: 51 | D91: Mercedes Benz
A92: 1465 | B92: 1978-84 | C92: 158 | D92: Datsun
A93: 831 | B93: 2-contactos | C93: 104 | D93: Ducati
A94: 272 | B94: 200 | C94: 51 | D94: Mercedes Benz
A95: 828 | B95: 200-Custom | C95: 103 | D95: Motomel
A96: 1420 | B96: 200-SX | C96: 113 | D96: Nissan
A97: 1909 | B97: 2008 | C97: 52 | D97: Peugeot
A98: 1911 | B98: 2008 | C98: 52 | D98: Peugeot
A99: 164 | B99: 205 | C99: 52 | D99: Peugeot
A100: 927 | B100: 205 - 405 1.6 GL/ GR/ SR | C100: 52 | D100: Peugeot
A101: 1573 | B101: 205 1.1, 1.4 | C101: 52 | D101: Peugeot
A102: 175 | B102: 205 Inyection | C102: 52 | D102: Peugeot
A103: 173 | B103: 206 | C103: 52 | D103: Peugeot
A104: 1503 | B104: 206 `91 | C104: 52 | D104: Peugeot
A105: 1131 | B105: 206 1.6L | C105: 52 | D105: Peugeot
A106: 1763 | B106: 206 1.6L | C106: 52 | D106: Peugeot
A107: 1114 | B107: 206XR 1.4II | C107: 52 | D107: Peugeot
A108: 1282 | B108: 207 | C108: 52 | D108: Peugeot
A109: 1908 | B109: 208 | C109: 52 | D109: Peugeot
A110: 2050 | B110: 208 | C110: 52 | D110: Peugeot
A111: 2033 | B111: 208 II | C111: 187 | D111: Peugeot - Citroen
...

Sheet Ref - Producto Tipos
A1: id | B1: descripcion_es
A2: 36 | B2: Destelladores electromecanicos de carga variable
A3: 54 | B3: Bobinas
A4: 53 | B4: Rele de inyección
A5: 51 | B5: Destelladores electromecánicos
A6: 50 | B6: Placas Portadiodos
A7: 49 | B7: Bombas de combustible
A8: 48 | B8: Plaquetas Rectificadoras
A9: 46 | B9: Probador de Bobinas de Ignicion
A10: 45 | B10: Probador de Reguladores de Voltaje
A11: 44 | B11: Probador de Modulos de Ignicion
A12: 43 | B12: Multimetros Digitales
A13: 42 | B13: Linterna
... A31: 14 | B31: Relays
